-4,-33,roXUJYtlB92r9kBrLb2WVbHwtBU=,a1vHxrZSg+ccHm6Ckjz87G86Z7Y=
-5,-33,roXUJYtlB92r9kBrLb2WVbHwtBU=,a1vHxrZSg+ccHm6Ckjz87G86Z7Y=
-6,-33,roXUJYtlB92r9kBrLb2WVbHwtBU=,a1vHxrZSg+ccHm6Ckjz87G86Z7Y=
-8,-33,roXUJYtlB92r9kBrLb2WVbHwtBU=,a1vHxrZSg+ccHm6Ckjz87G86Z7Y=
-7,-33,roXUJYtlB92r9kBrLb2WVbHwtBU=,a1vHxrZSg+ccHm6Ckjz87G86Z7Y=
-13,-48,roXUJYtlB92r9kBrLb2WVbHwtBU=,a1vHxrZSg+ccHm6Ckjz87G86Z7Y=
-10,-33,roXUJYtlB92r9kBrLb2WVbHwtBU=,a1vHxrZSg+ccHm6Ckjz87G86Z7Y=
-11,-33,roXUJYtlB92r9kBrLb2WVbHwtBU=,a1vHxrZSg+ccHm6Ckjz87G86Z7Y=
-12,-33,roXUJYtlB92r9kBrLb2WVbHwtBU=,a1vHxrZSg+ccHm6Ckjz87G86Z7Y=
-13,-33,roXUJYtlB92r9kBrLb2WVbHwtBU=,a1vHxrZSg+ccHm6Ckjz87G86Z7Y=
-9,-33,roXUJYtlB92r9kBrLb2WVbHwtBU=,a1vHxrZSg+ccHm6Ckjz87G86Z7Y=
-3,-47,roXUJYtlB92r9kBrLb2WVbHwtBU=,a1vHxrZSg+ccHm6Ckjz87G86Z7Y=
-15,-47,roXUJYtlB92r9kBrLb2WVbHwtBU=,a1vHxrZSg+ccHm6Ckjz87G86Z7Y=
-7,-47,roXUJYtlB92r9kBrLb2WVbHwtBU=,a1vHxrZSg+ccHm6Ckjz87G86Z7Y=
-5,-47,roXUJYtlB92r9kBrLb2WVbHwtBU=,a1vHxrZSg+ccHm6Ckjz87G86Z7Y=
-4,-47,roXUJYtlB92r9kBrLb2WVbHwtBU=,a1vHxrZSg+ccHm6Ckjz87G86Z7Y=
-2,-47,roXUJYtlB92r9kBrLb2WVbHwtBU=,a1vHxrZSg+ccHm6Ckjz87G86Z7Y=
-10,-47,roXUJYtlB92r9kBrLb2WVbHwtBU=,a1vHxrZSg+ccHm6Ckjz87G86Z7Y=
-9,-47,roXUJYtlB92r9kBrLb2WVbHwtBU=,a1vHxrZSg+ccHm6Ckjz87G86Z7Y=
-12,-47,roXUJYtlB92r9kBrLb2WVbHwtBU=,a1vHxrZSg+ccHm6Ckjz87G86Z7Y=
-13,-47,roXUJYtlB92r9kBrLb2WVbHwtBU=,a1vHxrZSg+ccHm6Ckjz87G86Z7Y=
-11,-47,roXUJYtlB92r9kBrLb2WVbHwtBU=,a1vHxrZSg+ccHm6Ckjz87G86Z7Y=
-14,-47,roXUJYtlB92r9kBrLb2WVbHwtBU=,a1vHxrZSg+ccHm6Ckjz87G86Z7Y=
-14,-48,roXUJYtlB92r9kBrLb2WVbHwtBU=,a1vHxrZSg+ccHm6Ckjz87G86Z7Y=
-3,-33,roXUJYtlB92r9kBrLb2WVbHwtBU=,a1vHxrZSg+ccHm6Ckjz87G86Z7Y=
-1,-34,roXUJYtlB92r9kBrLb2WVbHwtBU=,a1vHxrZSg+ccHm6Ckjz87G86Z7Y=
-14,-33,roXUJYtlB92r9kBrLb2WVbHwtBU=,a1vHxrZSg+ccHm6Ckjz87G86Z7Y=
-4,-34,roXUJYtlB92r9kBrLb2WVbHwtBU=,a1vHxrZSg+ccHm6Ckjz87G86Z7Y=
-6,-47,roXUJYtlB92r9kBrLb2WVbHwtBU=,a1vHxrZSg+ccHm6Ckjz87G86Z7Y=
-8,-47,roXUJYtlB92r9kBrLb2WVbHwtBU=,a1vHxrZSg+ccHm6Ckjz87G86Z7Y=
-5,-34,roXUJYtlB92r9kBrLb2WVbHwtBU=,a1vHxrZSg+ccHm6Ckjz87G86Z7Y=
-6,-34,roXUJYtlB92r9kBrLb2WVbHwtBU=,a1vHxrZSg+ccHm6Ckjz87G86Z7Y=
-8,-34,roXUJYtlB92r9kBrLb2WVbHwtBU=,a1vHxrZSg+ccHm6Ckjz87G86Z7Y=
-15,-33,roXUJYtlB92r9kBrLb2WVbHwtBU=,a1vHxrZSg+ccHm6Ckjz87G86Z7Y=
-11,-34,roXUJYtlB92r9kBrLb2WVbHwtBU=,a1vHxrZSg+ccHm6Ckjz87G86Z7Y=
-12,-34,roXUJYtlB92r9kBrLb2WVbHwtBU=,a1vHxrZSg+ccHm6Ckjz87G86Z7Y=
-13,-34,roXUJYtlB92r9kBrLb2WVbHwtBU=,a1vHxrZSg+ccHm6Ckjz87G86Z7Y=
-15,-34,roXUJYtlB92r9kBrLb2WVbHwtBU=,a1vHxrZSg+ccHm6Ckjz87G86Z7Y=
-14,-34,roXUJYtlB92r9kBrLb2WVbHwtBU=,a1vHxrZSg+ccHm6Ckjz87G86Z7Y=
-16,-34,roXUJYtlB92r9kBrLb2WVbHwtBU=,a1vHxrZSg+ccHm6Ckjz87G86Z7Y=
-16,-33,roXUJYtlB92r9kBrLb2WVbHwtBU=,a1vHxrZSg+ccHm6Ckjz87G86Z7Y=
-16,-47,roXUJYtlB92r9kBrLb2WVbHwtBU=,a1vHxrZSg+ccHm6Ckjz87G86Z7Y=
-9,-34,roXUJYtlB92r9kBrLb2WVbHwtBU=,a1vHxrZSg+ccHm6Ckjz87G86Z7Y=
-1,-47,roXUJYtlB92r9kBrLb2WVbHwtBU=,a1vHxrZSg+ccHm6Ckjz87G86Z7Y=
-7,-34,roXUJYtlB92r9kBrLb2WVbHwtBU=,a1vHxrZSg+ccHm6Ckjz87G86Z7Y=
-10,-34,roXUJYtlB92r9kBrLb2WVbHwtBU=,a1vHxrZSg+ccHm6Ckjz87G86Z7Y=
-2,-34,roXUJYtlB92r9kBrLb2WVbHwtBU=,a1vHxrZSg+ccHm6Ckjz87G86Z7Y=
-6,-35,roXUJYtlB92r9kBrLb2WVbHwtBU=,a1vHxrZSg+ccHm6Ckjz87G86Z7Y=
-5,-35,roXUJYtlB92r9kBrLb2WVbHwtBU=,a1vHxrZSg+ccHm6Ckjz87G86Z7Y=
-5,-46,roXUJYtlB92r9kBrLb2WVbHwtBU=,a1vHxrZSg+ccHm6Ckjz87G86Z7Y=
-1,-35,roXUJYtlB92r9kBrLb2WVbHwtBU=,a1vHxrZSg+ccHm6Ckjz87G86Z7Y=
-9,-35,roXUJYtlB92r9kBrLb2WVbHwtBU=,a1vHxrZSg+ccHm6Ckjz87G86Z7Y=
-10,-35,roXUJYtlB92r9kBrLb2WVbHwtBU=,a1vHxrZSg+ccHm6Ckjz87G86Z7Y=
-11,-35,roXUJYtlB92r9kBrLb2WVbHwtBU=,a1vHxrZSg+ccHm6Ckjz87G86Z7Y=
-12,-35,roXUJYtlB92r9kBrLb2WVbHwtBU=,a1vHxrZSg+ccHm6Ckjz87G86Z7Y=
-13,-35,roXUJYtlB92r9kBrLb2WVbHwtBU=,a1vHxrZSg+ccHm6Ckjz87G86Z7Y=
-14,-35,roXUJYtlB92r9kBrLb2WVbHwtBU=,a1vHxrZSg+ccHm6Ckjz87G86Z7Y=
-15,-35,roXUJYtlB92r9kBrLb2WVbHwtBU=,a1vHxrZSg+ccHm6Ckjz87G86Z7Y=
-16,-35,roXUJYtlB92r9kBrLb2WVbHwtBU=,a1vHxrZSg+ccHm6Ckjz87G86Z7Y=
-15,-48,roXUJYtlB92r9kBrLb2WVbHwtBU=,a1vHxrZSg+ccHm6Ckjz87G86Z7Y=
-2,-35,roXUJYtlB92r9kBrLb2WVbHwtBU=,a1vHxrZSg+ccHm6Ckjz87G86Z7Y=
-4,-35,roXUJYtlB92r9kBrLb2WVbHwtBU=,a1vHxrZSg+ccHm6Ckjz87G86Z7Y=
-3,-34,roXUJYtlB92r9kBrLb2WVbHwtBU=,a1vHxrZSg+ccHm6Ckjz87G86Z7Y=
-2,-46,roXUJYtlB92r9kBrLb2WVbHwtBU=,a1vHxrZSg+ccHm6Ckjz87G86Z7Y=
-1,-36,roXUJYtlB92r9kBrLb2WVbHwtBU=,a1vHxrZSg+ccHm6Ckjz87G86Z7Y=
-2,-48,roXUJYtlB92r9kBrLb2WVbHwtBU=,a1vHxrZSg+ccHm6Ckjz87G86Z7Y=
-7,-35,roXUJYtlB92r9kBrLb2WVbHwtBU=,a1vHxrZSg+ccHm6Ckjz87G86Z7Y=
-5,-36,roXUJYtlB92r9kBrLb2WVbHwtBU=,a1vHxrZSg+ccHm6Ckjz87G86Z7Y=
-7,-36,roXUJYtlB92r9kBrLb2WVbHwtBU=,a1vHxrZSg+ccHm6Ckjz87G86Z7Y=
-10,-36,roXUJYtlB92r9kBrLb2WVbHwtBU=,a1vHxrZSg+ccHm6Ckjz87G86Z7Y=
-6,-36,roXUJYtlB92r9kBrLb2WVbHwtBU=,a1vHxrZSg+ccHm6Ckjz87G86Z7Y=
-9,-36,roXUJYtlB92r9kBrLb2WVbHwtBU=,a1vHxrZSg+ccHm6Ckjz87G86Z7Y=
-1,-33,roXUJYtlB92r9kBrLb2WVbHwtBU=,a1vHxrZSg+ccHm6Ckjz87G86Z7Y=
-4,-36,roXUJYtlB92r9kBrLb2WVbHwtBU=,a1vHxrZSg+ccHm6Ckjz87G86Z7Y=
-12,-36,roXUJYtlB92r9kBrLb2WVbHwtBU=,a1vHxrZSg+ccHm6Ckjz87G86Z7Y=
-14,-36,roXUJYtlB92r9kBrLb2WVbHwtBU=,a1vHxrZSg+ccHm6Ckjz87G86Z7Y=
-15,-36,roXUJYtlB92r9kBrLb2WVbHwtBU=,a1vHxrZSg+ccHm6Ckjz87G86Z7Y=
-16,-36,roXUJYtlB92r9kBrLb2WVbHwtBU=,a1vHxrZSg+ccHm6Ckjz87G86Z7Y=
-4,-46,roXUJYtlB92r9kBrLb2WVbHwtBU=,a1vHxrZSg+ccHm6Ckjz87G86Z7Y=
-2,-36,roXUJYtlB92r9kBrLb2WVbHwtBU=,a1vHxrZSg+ccHm6Ckjz87G86Z7Y=
-8,-35,roXUJYtlB92r9kBrLb2WVbHwtBU=,a1vHxrZSg+ccHm6Ckjz87G86Z7Y=
-1,-37,roXUJYtlB92r9kBrLb2WVbHwtBU=,a1vHxrZSg+ccHm6Ckjz87G86Z7Y=
-3,-48,roXUJYtlB92r9kBrLb2WVbHwtBU=,a1vHxrZSg+ccHm6Ckjz87G86Z7Y=
-6,-37,roXUJYtlB92r9kBrLb2WVbHwtBU=,a1vHxrZSg+ccHm6Ckjz87G86Z7Y=
-7,-37,roXUJYtlB92r9kBrLb2WVbHwtBU=,a1vHxrZSg+ccHm6Ckjz87G86Z7Y=
-6,-46,roXUJYtlB92r9kBrLb2WVbHwtBU=,a1vHxrZSg+ccHm6Ckjz87G86Z7Y=
-5,-37,roXUJYtlB92r9kBrLb2WVbHwtBU=,a1vHxrZSg+ccHm6Ckjz87G86Z7Y=
-9,-37,roXUJYtlB92r9kBrLb2WVbHwtBU=,a1vHxrZSg+ccHm6Ckjz87G86Z7Y=
-1,-48,roXUJYtlB92r9kBrLb2WVbHwtBU=,a1vHxrZSg+ccHm6Ckjz87G86Z7Y=
-11,-36,roXUJYtlB92r9kBrLb2WVbHwtBU=,a1vHxrZSg+ccHm6Ckjz87G86Z7Y=
-12,-37,roXUJYtlB92r9kBrLb2WVbHwtBU=,a1vHxrZSg+ccHm6Ckjz87G86Z7Y=
-13,-37,roXUJYtlB92r9kBrLb2WVbHwtBU=,a1vHxrZSg+ccHm6Ckjz87G86Z7Y=
-15,-37,roXUJYtlB92r9kBrLb2WVbHwtBU=,a1vHxrZSg+ccHm6Ckjz87G86Z7Y=
-14,-37,roXUJYtlB92r9kBrLb2WVbHwtBU=,a1vHxrZSg+ccHm6Ckjz87G86Z7Y=
-8,-37,roXUJYtlB92r9kBrLb2WVbHwtBU=,a1vHxrZSg+ccHm6Ckjz87G86Z7Y=
-2,-33,roXUJYtlB92r9kBrLb2WVbHwtBU=,a1vHxrZSg+ccHm6Ckjz87G86Z7Y=
-16,-37,roXUJYtlB92r9kBrLb2WVbHwtBU=,a1vHxrZSg+ccHm6Ckjz87G86Z7Y=
-3,-35,roXUJYtlB92r9kBrLb2WVbHwtBU=,a1vHxrZSg+ccHm6Ckjz87G86Z7Y=
-13,-36,roXUJYtlB92r9kBrLb2WVbHwtBU=,a1vHxrZSg+ccHm6Ckjz87G86Z7Y=
-6,-38,roXUJYtlB92r9kBrLb2WVbHwtBU=,a1vHxrZSg+ccHm6Ckjz87G86Z7Y=
-4,-37,roXUJYtlB92r9kBrLb2WVbHwtBU=,a1vHxrZSg+ccHm6Ckjz87G86Z7Y=
-7,-46,roXUJYtlB92r9kBrLb2WVbHwtBU=,a1vHxrZSg+ccHm6Ckjz87G86Z7Y=
-4,-48,roXUJYtlB92r9kBrLb2WVbHwtBU=,a1vHxrZSg+ccHm6Ckjz87G86Z7Y=
-7,-38,roXUJYtlB92r9kBrLb2WVbHwtBU=,a1vHxrZSg+ccHm6Ckjz87G86Z7Y=
-8,-38,roXUJYtlB92r9kBrLb2WVbHwtBU=,a1vHxrZSg+ccHm6Ckjz87G86Z7Y=
-9,-38,roXUJYtlB92r9kBrLb2WVbHwtBU=,a1vHxrZSg+ccHm6Ckjz87G86Z7Y=
-10,-37,roXUJYtlB92r9kBrLb2WVbHwtBU=,a1vHxrZSg+ccHm6Ckjz87G86Z7Y=
-3,-36,roXUJYtlB92r9kBrLb2WVbHwtBU=,a1vHxrZSg+ccHm6Ckjz87G86Z7Y=
-3,-37,roXUJYtlB92r9kBrLb2WVbHwtBU=,a1vHxrZSg+ccHm6Ckjz87G86Z7Y=
-13,-38,roXUJYtlB92r9kBrLb2WVbHwtBU=,a1vHxrZSg+ccHm6Ckjz87G86Z7Y=
-12,-38,roXUJYtlB92r9kBrLb2WVbHwtBU=,a1vHxrZSg+ccHm6Ckjz87G86Z7Y=
-14,-38,roXUJYtlB92r9kBrLb2WVbHwtBU=,a1vHxrZSg+ccHm6Ckjz87G86Z7Y=
-15,-38,roXUJYtlB92r9kBrLb2WVbHwtBU=,a1vHxrZSg+ccHm6Ckjz87G86Z7Y=
-16,-38,roXUJYtlB92r9kBrLb2WVbHwtBU=,a1vHxrZSg+ccHm6Ckjz87G86Z7Y=
-8,-46,roXUJYtlB92r9kBrLb2WVbHwtBU=,a1vHxrZSg+ccHm6Ckjz87G86Z7Y=
-10,-38,roXUJYtlB92r9kBrLb2WVbHwtBU=,a1vHxrZSg+ccHm6Ckjz87G86Z7Y=
-11,-38,roXUJYtlB92r9kBrLb2WVbHwtBU=,a1vHxrZSg+ccHm6Ckjz87G86Z7Y=
-1,-38,roXUJYtlB92r9kBrLb2WVbHwtBU=,a1vHxrZSg+ccHm6Ckjz87G86Z7Y=
-11,-37,roXUJYtlB92r9kBrLb2WVbHwtBU=,a1vHxrZSg+ccHm6Ckjz87G86Z7Y=
-5,-48,roXUJYtlB92r9kBrLb2WVbHwtBU=,a1vHxrZSg+ccHm6Ckjz87G86Z7Y=
-7,-39,roXUJYtlB92r9kBrLb2WVbHwtBU=,a1vHxrZSg+ccHm6Ckjz87G86Z7Y=
-9,-46,roXUJYtlB92r9kBrLb2WVbHwtBU=,a1vHxrZSg+ccHm6Ckjz87G86Z7Y=
-9,-39,roXUJYtlB92r9kBrLb2WVbHwtBU=,a1vHxrZSg+ccHm6Ckjz87G86Z7Y=
-8,-39,roXUJYtlB92r9kBrLb2WVbHwtBU=,a1vHxrZSg+ccHm6Ckjz87G86Z7Y=
-10,-39,roXUJYtlB92r9kBrLb2WVbHwtBU=,a1vHxrZSg+ccHm6Ckjz87G86Z7Y=
-12,-39,roXUJYtlB92r9kBrLb2WVbHwtBU=,a1vHxrZSg+ccHm6Ckjz87G86Z7Y=
-11,-39,roXUJYtlB92r9kBrLb2WVbHwtBU=,a1vHxrZSg+ccHm6Ckjz87G86Z7Y=
-14,-39,roXUJYtlB92r9kBrLb2WVbHwtBU=,a1vHxrZSg+ccHm6Ckjz87G86Z7Y=
-15,-39,roXUJYtlB92r9kBrLb2WVbHwtBU=,a1vHxrZSg+ccHm6Ckjz87G86Z7Y=
-13,-39,roXUJYtlB92r9kBrLb2WVbHwtBU=,a1vHxrZSg+ccHm6Ckjz87G86Z7Y=
-16,-39,roXUJYtlB92r9kBrLb2WVbHwtBU=,a1vHxrZSg+ccHm6Ckjz87G86Z7Y=
-2,-38,roXUJYtlB92r9kBrLb2WVbHwtBU=,a1vHxrZSg+ccHm6Ckjz87G86Z7Y=
-6,-39,roXUJYtlB92r9kBrLb2WVbHwtBU=,a1vHxrZSg+ccHm6Ckjz87G86Z7Y=
-5,-39,roXUJYtlB92r9kBrLb2WVbHwtBU=,a1vHxrZSg+ccHm6Ckjz87G86Z7Y=
-3,-39,roXUJYtlB92r9kBrLb2WVbHwtBU=,a1vHxrZSg+ccHm6Ckjz87G86Z7Y=
-6,-48,roXUJYtlB92r9kBrLb2WVbHwtBU=,a1vHxrZSg+ccHm6Ckjz87G86Z7Y=
-10,-46,roXUJYtlB92r9kBrLb2WVbHwtBU=,a1vHxrZSg+ccHm6Ckjz87G86Z7Y=
-5,-40,roXUJYtlB92r9kBrLb2WVbHwtBU=,a1vHxrZSg+ccHm6Ckjz87G86Z7Y=
-11,-40,roXUJYtlB92r9kBrLb2WVbHwtBU=,a1vHxrZSg+ccHm6Ckjz87G86Z7Y=
-10,-40,roXUJYtlB92r9kBrLb2WVbHwtBU=,a1vHxrZSg+ccHm6Ckjz87G86Z7Y=
-9,-40,roXUJYtlB92r9kBrLb2WVbHwtBU=,a1vHxrZSg+ccHm6Ckjz87G86Z7Y=
-12,-40,roXUJYtlB92r9kBrLb2WVbHwtBU=,a1vHxrZSg+ccHm6Ckjz87G86Z7Y=
-13,-40,roXUJYtlB92r9kBrLb2WVbHwtBU=,a1vHxrZSg+ccHm6Ckjz87G86Z7Y=
-15,-40,roXUJYtlB92r9kBrLb2WVbHwtBU=,a1vHxrZSg+ccHm6Ckjz87G86Z7Y=
-14,-40,roXUJYtlB92r9kBrLb2WVbHwtBU=,a1vHxrZSg+ccHm6Ckjz87G86Z7Y=
-2,-40,roXUJYtlB92r9kBrLb2WVbHwtBU=,a1vHxrZSg+ccHm6Ckjz87G86Z7Y=
-2,-37,roXUJYtlB92r9kBrLb2WVbHwtBU=,a1vHxrZSg+ccHm6Ckjz87G86Z7Y=
-16,-40,roXUJYtlB92r9kBrLb2WVbHwtBU=,a1vHxrZSg+ccHm6Ckjz87G86Z7Y=
-8,-36,roXUJYtlB92r9kBrLb2WVbHwtBU=,a1vHxrZSg+ccHm6Ckjz87G86Z7Y=
-5,-38,roXUJYtlB92r9kBrLb2WVbHwtBU=,a1vHxrZSg+ccHm6Ckjz87G86Z7Y=
-8,-40,roXUJYtlB92r9kBrLb2WVbHwtBU=,a1vHxrZSg+ccHm6Ckjz87G86Z7Y=
-1,-39,roXUJYtlB92r9kBrLb2WVbHwtBU=,a1vHxrZSg+ccHm6Ckjz87G86Z7Y=
-1,-40,roXUJYtlB92r9kBrLb2WVbHwtBU=,a1vHxrZSg+ccHm6Ckjz87G86Z7Y=
-8,-41,roXUJYtlB92r9kBrLb2WVbHwtBU=,a1vHxrZSg+ccHm6Ckjz87G86Z7Y=
-7,-48,roXUJYtlB92r9kBrLb2WVbHwtBU=,a1vHxrZSg+ccHm6Ckjz87G86Z7Y=
-9,-41,roXUJYtlB92r9kBrLb2WVbHwtBU=,a1vHxrZSg+ccHm6Ckjz87G86Z7Y=
-11,-46,roXUJYtlB92r9kBrLb2WVbHwtBU=,a1vHxrZSg+ccHm6Ckjz87G86Z7Y=
-3,-40,roXUJYtlB92r9kBrLb2WVbHwtBU=,a1vHxrZSg+ccHm6Ckjz87G86Z7Y=
-10,-41,roXUJYtlB92r9kBrLb2WVbHwtBU=,a1vHxrZSg+ccHm6Ckjz87G86Z7Y=
-11,-41,roXUJYtlB92r9kBrLb2WVbHwtBU=,a1vHxrZSg+ccHm6Ckjz87G86Z7Y=
-13,-41,roXUJYtlB92r9kBrLb2WVbHwtBU=,a1vHxrZSg+ccHm6Ckjz87G86Z7Y=
-14,-41,roXUJYtlB92r9kBrLb2WVbHwtBU=,a1vHxrZSg+ccHm6Ckjz87G86Z7Y=
-12,-41,roXUJYtlB92r9kBrLb2WVbHwtBU=,a1vHxrZSg+ccHm6Ckjz87G86Z7Y=
-15,-41,roXUJYtlB92r9kBrLb2WVbHwtBU=,a1vHxrZSg+ccHm6Ckjz87G86Z7Y=
-16,-41,roXUJYtlB92r9kBrLb2WVbHwtBU=,a1vHxrZSg+ccHm6Ckjz87G86Z7Y=
-6,-40,roXUJYtlB92r9kBrLb2WVbHwtBU=,a1vHxrZSg+ccHm6Ckjz87G86Z7Y=
-2,-41,roXUJYtlB92r9kBrLb2WVbHwtBU=,a1vHxrZSg+ccHm6Ckjz87G86Z7Y=
-3,-41,roXUJYtlB92r9kBrLb2WVbHwtBU=,a1vHxrZSg+ccHm6Ckjz87G86Z7Y=
-4,-38,roXUJYtlB92r9kBrLb2WVbHwtBU=,a1vHxrZSg+ccHm6Ckjz87G86Z7Y=
-2,-42,roXUJYtlB92r9kBrLb2WVbHwtBU=,a1vHxrZSg+ccHm6Ckjz87G86Z7Y=
-1,-41,roXUJYtlB92r9kBrLb2WVbHwtBU=,a1vHxrZSg+ccHm6Ckjz87G86Z7Y=
-9,-42,roXUJYtlB92r9kBrLb2WVbHwtBU=,a1vHxrZSg+ccHm6Ckjz87G86Z7Y=
-1,-46,roXUJYtlB92r9kBrLb2WVbHwtBU=,a1vHxrZSg+ccHm6Ckjz87G86Z7Y=
-4,-39,roXUJYtlB92r9kBrLb2WVbHwtBU=,a1vHxrZSg+ccHm6Ckjz87G86Z7Y=
-16,-45,roXUJYtlB92r9kBrLb2WVbHwtBU=,a1vHxrZSg+ccHm6Ckjz87G86Z7Y=
-16,-48,roXUJYtlB92r9kBrLb2WVbHwtBU=,a1vHxrZSg+ccHm6Ckjz87G86Z7Y=
-15,-45,roXUJYtlB92r9kBrLb2WVbHwtBU=,a1vHxrZSg+ccHm6Ckjz87G86Z7Y=
-13,-45,roXUJYtlB92r9kBrLb2WVbHwtBU=,a1vHxrZSg+ccHm6Ckjz87G86Z7Y=
-12,-45,roXUJYtlB92r9kBrLb2WVbHwtBU=,a1vHxrZSg+ccHm6Ckjz87G86Z7Y=
-16,-46,roXUJYtlB92r9kBrLb2WVbHwtBU=,a1vHxrZSg+ccHm6Ckjz87G86Z7Y=
-12,-48,roXUJYtlB92r9kBrLb2WVbHwtBU=,a1vHxrZSg+ccHm6Ckjz87G86Z7Y=
-11,-45,roXUJYtlB92r9kBrLb2WVbHwtBU=,a1vHxrZSg+ccHm6Ckjz87G86Z7Y=
-10,-45,roXUJYtlB92r9kBrLb2WVbHwtBU=,a1vHxrZSg+ccHm6Ckjz87G86Z7Y=
-9,-45,roXUJYtlB92r9kBrLb2WVbHwtBU=,a1vHxrZSg+ccHm6Ckjz87G86Z7Y=
-3,-38,roXUJYtlB92r9kBrLb2WVbHwtBU=,a1vHxrZSg+ccHm6Ckjz87G86Z7Y=
-10,-42,roXUJYtlB92r9kBrLb2WVbHwtBU=,a1vHxrZSg+ccHm6Ckjz87G86Z7Y=
-12,-46,roXUJYtlB92r9kBrLb2WVbHwtBU=,a1vHxrZSg+ccHm6Ckjz87G86Z7Y=
-11,-42,roXUJYtlB92r9kBrLb2WVbHwtBU=,a1vHxrZSg+ccHm6Ckjz87G86Z7Y=
-12,-42,roXUJYtlB92r9kBrLb2WVbHwtBU=,a1vHxrZSg+ccHm6Ckjz87G86Z7Y=
-13,-42,roXUJYtlB92r9kBrLb2WVbHwtBU=,a1vHxrZSg+ccHm6Ckjz87G86Z7Y=
-14,-42,roXUJYtlB92r9kBrLb2WVbHwtBU=,a1vHxrZSg+ccHm6Ckjz87G86Z7Y=
-15,-42,roXUJYtlB92r9kBrLb2WVbHwtBU=,a1vHxrZSg+ccHm6Ckjz87G86Z7Y=
-16,-42,roXUJYtlB92r9kBrLb2WVbHwtBU=,a1vHxrZSg+ccHm6Ckjz87G86Z7Y=
-6,-41,roXUJYtlB92r9kBrLb2WVbHwtBU=,a1vHxrZSg+ccHm6Ckjz87G86Z7Y=
-5,-41,roXUJYtlB92r9kBrLb2WVbHwtBU=,a1vHxrZSg+ccHm6Ckjz87G86Z7Y=
-1,-42,roXUJYtlB92r9kBrLb2WVbHwtBU=,a1vHxrZSg+ccHm6Ckjz87G86Z7Y=
-8,-48,roXUJYtlB92r9kBrLb2WVbHwtBU=,a1vHxrZSg+ccHm6Ckjz87G86Z7Y=
-3,-42,roXUJYtlB92r9kBrLb2WVbHwtBU=,a1vHxrZSg+ccHm6Ckjz87G86Z7Y=
-8,-42,roXUJYtlB92r9kBrLb2WVbHwtBU=,a1vHxrZSg+ccHm6Ckjz87G86Z7Y=
-7,-43,roXUJYtlB92r9kBrLb2WVbHwtBU=,a1vHxrZSg+ccHm6Ckjz87G86Z7Y=
-7,-41,roXUJYtlB92r9kBrLb2WVbHwtBU=,a1vHxrZSg+ccHm6Ckjz87G86Z7Y=
-9,-43,roXUJYtlB92r9kBrLb2WVbHwtBU=,a1vHxrZSg+ccHm6Ckjz87G86Z7Y=
-10,-43,roXUJYtlB92r9kBrLb2WVbHwtBU=,a1vHxrZSg+ccHm6Ckjz87G86Z7Y=
-7,-40,roXUJYtlB92r9kBrLb2WVbHwtBU=,a1vHxrZSg+ccHm6Ckjz87G86Z7Y=
-11,-43,roXUJYtlB92r9kBrLb2WVbHwtBU=,a1vHxrZSg+ccHm6Ckjz87G86Z7Y=
-13,-46,roXUJYtlB92r9kBrLb2WVbHwtBU=,a1vHxrZSg+ccHm6Ckjz87G86Z7Y=
-8,-43,roXUJYtlB92r9kBrLb2WVbHwtBU=,a1vHxrZSg+ccHm6Ckjz87G86Z7Y=
-13,-43,roXUJYtlB92r9kBrLb2WVbHwtBU=,a1vHxrZSg+ccHm6Ckjz87G86Z7Y=
-14,-45,roXUJYtlB92r9kBrLb2WVbHwtBU=,a1vHxrZSg+ccHm6Ckjz87G86Z7Y=
-14,-43,roXUJYtlB92r9kBrLb2WVbHwtBU=,a1vHxrZSg+ccHm6Ckjz87G86Z7Y=
-12,-43,roXUJYtlB92r9kBrLb2WVbHwtBU=,a1vHxrZSg+ccHm6Ckjz87G86Z7Y=
-15,-43,roXUJYtlB92r9kBrLb2WVbHwtBU=,a1vHxrZSg+ccHm6Ckjz87G86Z7Y=
-16,-43,roXUJYtlB92r9kBrLb2WVbHwtBU=,a1vHxrZSg+ccHm6Ckjz87G86Z7Y=
-4,-41,roXUJYtlB92r9kBrLb2WVbHwtBU=,a1vHxrZSg+ccHm6Ckjz87G86Z7Y=
-10,-48,roXUJYtlB92r9kBrLb2WVbHwtBU=,a1vHxrZSg+ccHm6Ckjz87G86Z7Y=
-5,-42,roXUJYtlB92r9kBrLb2WVbHwtBU=,a1vHxrZSg+ccHm6Ckjz87G86Z7Y=
-2,-43,roXUJYtlB92r9kBrLb2WVbHwtBU=,a1vHxrZSg+ccHm6Ckjz87G86Z7Y=
-7,-42,roXUJYtlB92r9kBrLb2WVbHwtBU=,a1vHxrZSg+ccHm6Ckjz87G86Z7Y=
-3,-43,roXUJYtlB92r9kBrLb2WVbHwtBU=,a1vHxrZSg+ccHm6Ckjz87G86Z7Y=
-8,-44,roXUJYtlB92r9kBrLb2WVbHwtBU=,a1vHxrZSg+ccHm6Ckjz87G86Z7Y=
-9,-44,roXUJYtlB92r9kBrLb2WVbHwtBU=,a1vHxrZSg+ccHm6Ckjz87G86Z7Y=
-10,-44,roXUJYtlB92r9kBrLb2WVbHwtBU=,a1vHxrZSg+ccHm6Ckjz87G86Z7Y=
-11,-44,roXUJYtlB92r9kBrLb2WVbHwtBU=,a1vHxrZSg+ccHm6Ckjz87G86Z7Y=
-11,-48,roXUJYtlB92r9kBrLb2WVbHwtBU=,a1vHxrZSg+ccHm6Ckjz87G86Z7Y=
-14,-46,roXUJYtlB92r9kBrLb2WVbHwtBU=,a1vHxrZSg+ccHm6Ckjz87G86Z7Y=
-13,-44,roXUJYtlB92r9kBrLb2WVbHwtBU=,a1vHxrZSg+ccHm6Ckjz87G86Z7Y=
-12,-44,roXUJYtlB92r9kBrLb2WVbHwtBU=,a1vHxrZSg+ccHm6Ckjz87G86Z7Y=
-14,-44,roXUJYtlB92r9kBrLb2WVbHwtBU=,a1vHxrZSg+ccHm6Ckjz87G86Z7Y=
-9,-48,roXUJYtlB92r9kBrLb2WVbHwtBU=,a1vHxrZSg+ccHm6Ckjz87G86Z7Y=
-15,-44,roXUJYtlB92r9kBrLb2WVbHwtBU=,a1vHxrZSg+ccHm6Ckjz87G86Z7Y=
-15,-46,roXUJYtlB92r9kBrLb2WVbHwtBU=,a1vHxrZSg+ccHm6Ckjz87G86Z7Y=
-16,-44,roXUJYtlB92r9kBrLb2WVbHwtBU=,a1vHxrZSg+ccHm6Ckjz87G86Z7Y=
-7,-44,roXUJYtlB92r9kBrLb2WVbHwtBU=,a1vHxrZSg+ccHm6Ckjz87G86Z7Y=
-2,-44,roXUJYtlB92r9kBrLb2WVbHwtBU=,a1vHxrZSg+ccHm6Ckjz87G86Z7Y=
-8,-45,roXUJYtlB92r9kBrLb2WVbHwtBU=,a1vHxrZSg+ccHm6Ckjz87G86Z7Y=
-4,-42,roXUJYtlB92r9kBrLb2WVbHwtBU=,a1vHxrZSg+ccHm6Ckjz87G86Z7Y=
-5,-45,roXUJYtlB92r9kBrLb2WVbHwtBU=,a1vHxrZSg+ccHm6Ckjz87G86Z7Y=
-6,-42,roXUJYtlB92r9kBrLb2WVbHwtBU=,a1vHxrZSg+ccHm6Ckjz87G86Z7Y=
-6,-44,roXUJYtlB92r9kBrLb2WVbHwtBU=,a1vHxrZSg+ccHm6Ckjz87G86Z7Y=
-1,-45,roXUJYtlB92r9kBrLb2WVbHwtBU=,a1vHxrZSg+ccHm6Ckjz87G86Z7Y=
-2,-39,roXUJYtlB92r9kBrLb2WVbHwtBU=,a1vHxrZSg+ccHm6Ckjz87G86Z7Y=
-1,-44,roXUJYtlB92r9kBrLb2WVbHwtBU=,a1vHxrZSg+ccHm6Ckjz87G86Z7Y=
-1,-43,roXUJYtlB92r9kBrLb2WVbHwtBU=,a1vHxrZSg+ccHm6Ckjz87G86Z7Y=
-4,-45,roXUJYtlB92r9kBrLb2WVbHwtBU=,a1vHxrZSg+ccHm6Ckjz87G86Z7Y=
-5,-44,roXUJYtlB92r9kBrLb2WVbHwtBU=,a1vHxrZSg+ccHm6Ckjz87G86Z7Y=
-2,-45,roXUJYtlB92r9kBrLb2WVbHwtBU=,a1vHxrZSg+ccHm6Ckjz87G86Z7Y=
-3,-44,roXUJYtlB92r9kBrLb2WVbHwtBU=,a1vHxrZSg+ccHm6Ckjz87G86Z7Y=
-5,-43,roXUJYtlB92r9kBrLb2WVbHwtBU=,a1vHxrZSg+ccHm6Ckjz87G86Z7Y=
-6,-45,roXUJYtlB92r9kBrLb2WVbHwtBU=,a1vHxrZSg+ccHm6Ckjz87G86Z7Y=
-3,-45,roXUJYtlB92r9kBrLb2WVbHwtBU=,a1vHxrZSg+ccHm6Ckjz87G86Z7Y=
-3,-46,roXUJYtlB92r9kBrLb2WVbHwtBU=,a1vHxrZSg+ccHm6Ckjz87G86Z7Y=
-4,-44,roXUJYtlB92r9kBrLb2WVbHwtBU=,a1vHxrZSg+ccHm6Ckjz87G86Z7Y=
-6,-43,roXUJYtlB92r9kBrLb2WVbHwtBU=,a1vHxrZSg+ccHm6Ckjz87G86Z7Y=
-4,-43,roXUJYtlB92r9kBrLb2WVbHwtBU=,a1vHxrZSg+ccHm6Ckjz87G86Z7Y=
-4,-40,roXUJYtlB92r9kBrLb2WVbHwtBU=,a1vHxrZSg+ccHm6Ckjz87G86Z7Y=
-7,-45,roXUJYtlB92r9kBrLb2WVbHwtBU=,a1vHxrZSg+ccHm6Ckjz87G86Z7Y=
-4,-61,roXUJYtlB92r9kBrLb2WVbHwtBU=,vVdu37lgQQrRFGDzfaEJ5MLpgdk=
-13,-64,roXUJYtlB92r9kBrLb2WVbHwtBU=,vVdu37lgQQrRFGDzfaEJ5MLpgdk=
-3,-62,roXUJYtlB92r9kBrLb2WVbHwtBU=,vVdu37lgQQrRFGDzfaEJ5MLpgdk=
-4,-62,roXUJYtlB92r9kBrLb2WVbHwtBU=,vVdu37lgQQrRFGDzfaEJ5MLpgdk=
-5,-62,roXUJYtlB92r9kBrLb2WVbHwtBU=,vVdu37lgQQrRFGDzfaEJ5MLpgdk=
-7,-62,roXUJYtlB92r9kBrLb2WVbHwtBU=,vVdu37lgQQrRFGDzfaEJ5MLpgdk=
-6,-62,roXUJYtlB92r9kBrLb2WVbHwtBU=,vVdu37lgQQrRFGDzfaEJ5MLpgdk=
-14,-62,roXUJYtlB92r9kBrLb2WVbHwtBU=,vVdu37lgQQrRFGDzfaEJ5MLpgdk=
-15,-62,roXUJYtlB92r9kBrLb2WVbHwtBU=,vVdu37lgQQrRFGDzfaEJ5MLpgdk=
-8,-62,roXUJYtlB92r9kBrLb2WVbHwtBU=,vVdu37lgQQrRFGDzfaEJ5MLpgdk=
-14,-64,roXUJYtlB92r9kBrLb2WVbHwtBU=,vVdu37lgQQrRFGDzfaEJ5MLpgdk=
-12,-62,roXUJYtlB92r9kBrLb2WVbHwtBU=,vVdu37lgQQrRFGDzfaEJ5MLpgdk=
-7,-49,roXUJYtlB92r9kBrLb2WVbHwtBU=,vVdu37lgQQrRFGDzfaEJ5MLpgdk=
-9,-62,roXUJYtlB92r9kBrLb2WVbHwtBU=,vVdu37lgQQrRFGDzfaEJ5MLpgdk=
-9,-49,roXUJYtlB92r9kBrLb2WVbHwtBU=,vVdu37lgQQrRFGDzfaEJ5MLpgdk=
-10,-49,roXUJYtlB92r9kBrLb2WVbHwtBU=,vVdu37lgQQrRFGDzfaEJ5MLpgdk=
-13,-49,roXUJYtlB92r9kBrLb2WVbHwtBU=,vVdu37lgQQrRFGDzfaEJ5MLpgdk=
-11,-49,roXUJYtlB92r9kBrLb2WVbHwtBU=,vVdu37lgQQrRFGDzfaEJ5MLpgdk=
-14,-49,roXUJYtlB92r9kBrLb2WVbHwtBU=,vVdu37lgQQrRFGDzfaEJ5MLpgdk=
-15,-49,roXUJYtlB92r9kBrLb2WVbHwtBU=,vVdu37lgQQrRFGDzfaEJ5MLpgdk=
-11,-62,roXUJYtlB92r9kBrLb2WVbHwtBU=,vVdu37lgQQrRFGDzfaEJ5MLpgdk=
-6,-61,roXUJYtlB92r9kBrLb2WVbHwtBU=,vVdu37lgQQrRFGDzfaEJ5MLpgdk=
-16,-49,roXUJYtlB92r9kBrLb2WVbHwtBU=,vVdu37lgQQrRFGDzfaEJ5MLpgdk=
-5,-61,roXUJYtlB92r9kBrLb2WVbHwtBU=,vVdu37lgQQrRFGDzfaEJ5MLpgdk=
-3,-49,roXUJYtlB92r9kBrLb2WVbHwtBU=,vVdu37lgQQrRFGDzfaEJ5MLpgdk=
-4,-50,roXUJYtlB92r9kBrLb2WVbHwtBU=,vVdu37lgQQrRFGDzfaEJ5MLpgdk=
-10,-62,roXUJYtlB92r9kBrLb2WVbHwtBU=,vVdu37lgQQrRFGDzfaEJ5MLpgdk=
-5,-50,roXUJYtlB92r9kBrLb2WVbHwtBU=,vVdu37lgQQrRFGDzfaEJ5MLpgdk=
-6,-50,roXUJYtlB92r9kBrLb2WVbHwtBU=,vVdu37lgQQrRFGDzfaEJ5MLpgdk=
-7,-50,roXUJYtlB92r9kBrLb2WVbHwtBU=,vVdu37lgQQrRFGDzfaEJ5MLpgdk=
-4,-49,roXUJYtlB92r9kBrLb2WVbHwtBU=,vVdu37lgQQrRFGDzfaEJ5MLpgdk=
-1,-63,roXUJYtlB92r9kBrLb2WVbHwtBU=,vVdu37lgQQrRFGDzfaEJ5MLpgdk=
-8,-49,roXUJYtlB92r9kBrLb2WVbHwtBU=,vVdu37lgQQrRFGDzfaEJ5MLpgdk=
-9,-50,roXUJYtlB92r9kBrLb2WVbHwtBU=,vVdu37lgQQrRFGDzfaEJ5MLpgdk=
-10,-50,roXUJYtlB92r9kBrLb2WVbHwtBU=,vVdu37lgQQrRFGDzfaEJ5MLpgdk=
-13,-62,roXUJYtlB92r9kBrLb2WVbHwtBU=,vVdu37lgQQrRFGDzfaEJ5MLpgdk=
-14,-50,roXUJYtlB92r9kBrLb2WVbHwtBU=,vVdu37lgQQrRFGDzfaEJ5MLpgdk=
-15,-63,roXUJYtlB92r9kBrLb2WVbHwtBU=,vVdu37lgQQrRFGDzfaEJ5MLpgdk=
-13,-50,roXUJYtlB92r9kBrLb2WVbHwtBU=,vVdu37lgQQrRFGDzfaEJ5MLpgdk=
-16,-63,roXUJYtlB92r9kBrLb2WVbHwtBU=,vVdu37lgQQrRFGDzfaEJ5MLpgdk=
-16,-62,roXUJYtlB92r9kBrLb2WVbHwtBU=,vVdu37lgQQrRFGDzfaEJ5MLpgdk=
-8,-50,roXUJYtlB92r9kBrLb2WVbHwtBU=,vVdu37lgQQrRFGDzfaEJ5MLpgdk=
-7,-61,roXUJYtlB92r9kBrLb2WVbHwtBU=,vVdu37lgQQrRFGDzfaEJ5MLpgdk=
-15,-64,roXUJYtlB92r9kBrLb2WVbHwtBU=,vVdu37lgQQrRFGDzfaEJ5MLpgdk=
-2,-63,roXUJYtlB92r9kBrLb2WVbHwtBU=,vVdu37lgQQrRFGDzfaEJ5MLpgdk=
-15,-50,roXUJYtlB92r9kBrLb2WVbHwtBU=,vVdu37lgQQrRFGDzfaEJ5MLpgdk=
-3,-51,roXUJYtlB92r9kBrLb2WVbHwtBU=,vVdu37lgQQrRFGDzfaEJ5MLpgdk=
-16,-50,roXUJYtlB92r9kBrLb2WVbHwtBU=,vVdu37lgQQrRFGDzfaEJ5MLpgdk=
-5,-51,roXUJYtlB92r9kBrLb2WVbHwtBU=,vVdu37lgQQrRFGDzfaEJ5MLpgdk=
-4,-51,roXUJYtlB92r9kBrLb2WVbHwtBU=,vVdu37lgQQrRFGDzfaEJ5MLpgdk=
-6,-51,roXUJYtlB92r9kBrLb2WVbHwtBU=,vVdu37lgQQrRFGDzfaEJ5MLpgdk=
-6,-49,roXUJYtlB92r9kBrLb2WVbHwtBU=,vVdu37lgQQrRFGDzfaEJ5MLpgdk=
-9,-51,roXUJYtlB92r9kBrLb2WVbHwtBU=,vVdu37lgQQrRFGDzfaEJ5MLpgdk=
-8,-51,roXUJYtlB92r9kBrLb2WVbHwtBU=,vVdu37lgQQrRFGDzfaEJ5MLpgdk=
-7,-51,roXUJYtlB92r9kBrLb2WVbHwtBU=,vVdu37lgQQrRFGDzfaEJ5MLpgdk=
-10,-51,roXUJYtlB92r9kBrLb2WVbHwtBU=,vVdu37lgQQrRFGDzfaEJ5MLpgdk=
-5,-49,roXUJYtlB92r9kBrLb2WVbHwtBU=,vVdu37lgQQrRFGDzfaEJ5MLpgdk=
-1,-64,roXUJYtlB92r9kBrLb2WVbHwtBU=,vVdu37lgQQrRFGDzfaEJ5MLpgdk=
-8,-61,roXUJYtlB92r9kBrLb2WVbHwtBU=,vVdu37lgQQrRFGDzfaEJ5MLpgdk=
-14,-51,roXUJYtlB92r9kBrLb2WVbHwtBU=,vVdu37lgQQrRFGDzfaEJ5MLpgdk=
-3,-63,roXUJYtlB92r9kBrLb2WVbHwtBU=,vVdu37lgQQrRFGDzfaEJ5MLpgdk=
-15,-51,roXUJYtlB92r9kBrLb2WVbHwtBU=,vVdu37lgQQrRFGDzfaEJ5MLpgdk=
-16,-51,roXUJYtlB92r9kBrLb2WVbHwtBU=,vVdu37lgQQrRFGDzfaEJ5MLpgdk=
-11,-50,roXUJYtlB92r9kBrLb2WVbHwtBU=,vVdu37lgQQrRFGDzfaEJ5MLpgdk=
-12,-50,roXUJYtlB92r9kBrLb2WVbHwtBU=,vVdu37lgQQrRFGDzfaEJ5MLpgdk=
-3,-52,roXUJYtlB92r9kBrLb2WVbHwtBU=,vVdu37lgQQrRFGDzfaEJ5MLpgdk=
-4,-52,roXUJYtlB92r9kBrLb2WVbHwtBU=,vVdu37lgQQrRFGDzfaEJ5MLpgdk=
-5,-52,roXUJYtlB92r9kBrLb2WVbHwtBU=,vVdu37lgQQrRFGDzfaEJ5MLpgdk=
-4,-63,roXUJYtlB92r9kBrLb2WVbHwtBU=,vVdu37lgQQrRFGDzfaEJ5MLpgdk=
-7,-52,roXUJYtlB92r9kBrLb2WVbHwtBU=,vVdu37lgQQrRFGDzfaEJ5MLpgdk=
-6,-52,roXUJYtlB92r9kBrLb2WVbHwtBU=,vVdu37lgQQrRFGDzfaEJ5MLpgdk=
-12,-49,roXUJYtlB92r9kBrLb2WVbHwtBU=,vVdu37lgQQrRFGDzfaEJ5MLpgdk=
-8,-52,roXUJYtlB92r9kBrLb2WVbHwtBU=,vVdu37lgQQrRFGDzfaEJ5MLpgdk=
-13,-51,roXUJYtlB92r9kBrLb2WVbHwtBU=,vVdu37lgQQrRFGDzfaEJ5MLpgdk=
-12,-52,roXUJYtlB92r9kBrLb2WVbHwtBU=,vVdu37lgQQrRFGDzfaEJ5MLpgdk=
-3,-50,roXUJYtlB92r9kBrLb2WVbHwtBU=,vVdu37lgQQrRFGDzfaEJ5MLpgdk=
-9,-61,roXUJYtlB92r9kBrLb2WVbHwtBU=,vVdu37lgQQrRFGDzfaEJ5MLpgdk=
-13,-52,roXUJYtlB92r9kBrLb2WVbHwtBU=,vVdu37lgQQrRFGDzfaEJ5MLpgdk=
-14,-52,roXUJYtlB92r9kBrLb2WVbHwtBU=,vVdu37lgQQrRFGDzfaEJ5MLpgdk=
-2,-64,roXUJYtlB92r9kBrLb2WVbHwtBU=,vVdu37lgQQrRFGDzfaEJ5MLpgdk=
-16,-52,roXUJYtlB92r9kBrLb2WVbHwtBU=,vVdu37lgQQrRFGDzfaEJ5MLpgdk=
-5,-63,roXUJYtlB92r9kBrLb2WVbHwtBU=,vVdu37lgQQrRFGDzfaEJ5MLpgdk=
-15,-52,roXUJYtlB92r9kBrLb2WVbHwtBU=,vVdu37lgQQrRFGDzfaEJ5MLpgdk=
-10,-52,roXUJYtlB92r9kBrLb2WVbHwtBU=,vVdu37lgQQrRFGDzfaEJ5MLpgdk=
-11,-51,roXUJYtlB92r9kBrLb2WVbHwtBU=,vVdu37lgQQrRFGDzfaEJ5MLpgdk=
-3,-53,roXUJYtlB92r9kBrLb2WVbHwtBU=,vVdu37lgQQrRFGDzfaEJ5MLpgdk=
-4,-53,roXUJYtlB92r9kBrLb2WVbHwtBU=,vVdu37lgQQrRFGDzfaEJ5MLpgdk=
-6,-53,roXUJYtlB92r9kBrLb2WVbHwtBU=,vVdu37lgQQrRFGDzfaEJ5MLpgdk=
-5,-53,roXUJYtlB92r9kBrLb2WVbHwtBU=,vVdu37lgQQrRFGDzfaEJ5MLpgdk=
-8,-53,roXUJYtlB92r9kBrLb2WVbHwtBU=,vVdu37lgQQrRFGDzfaEJ5MLpgdk=
-9,-53,roXUJYtlB92r9kBrLb2WVbHwtBU=,vVdu37lgQQrRFGDzfaEJ5MLpgdk=
-2,-49,roXUJYtlB92r9kBrLb2WVbHwtBU=,vVdu37lgQQrRFGDzfaEJ5MLpgdk=
-7,-53,roXUJYtlB92r9kBrLb2WVbHwtBU=,vVdu37lgQQrRFGDzfaEJ5MLpgdk=
-3,-64,roXUJYtlB92r9kBrLb2WVbHwtBU=,vVdu37lgQQrRFGDzfaEJ5MLpgdk=
-10,-61,roXUJYtlB92r9kBrLb2WVbHwtBU=,vVdu37lgQQrRFGDzfaEJ5MLpgdk=
-12,-53,roXUJYtlB92r9kBrLb2WVbHwtBU=,vVdu37lgQQrRFGDzfaEJ5MLpgdk=
-14,-53,roXUJYtlB92r9kBrLb2WVbHwtBU=,vVdu37lgQQrRFGDzfaEJ5MLpgdk=
-15,-53,roXUJYtlB92r9kBrLb2WVbHwtBU=,vVdu37lgQQrRFGDzfaEJ5MLpgdk=
-13,-53,roXUJYtlB92r9kBrLb2WVbHwtBU=,vVdu37lgQQrRFGDzfaEJ5MLpgdk=
-6,-63,roXUJYtlB92r9kBrLb2WVbHwtBU=,vVdu37lgQQrRFGDzfaEJ5MLpgdk=
-1,-52,roXUJYtlB92r9kBrLb2WVbHwtBU=,vVdu37lgQQrRFGDzfaEJ5MLpgdk=
-9,-52,roXUJYtlB92r9kBrLb2WVbHwtBU=,vVdu37lgQQrRFGDzfaEJ5MLpgdk=
-2,-52,roXUJYtlB92r9kBrLb2WVbHwtBU=,vVdu37lgQQrRFGDzfaEJ5MLpgdk=
-16,-53,roXUJYtlB92r9kBrLb2WVbHwtBU=,vVdu37lgQQrRFGDzfaEJ5MLpgdk=
-5,-54,roXUJYtlB92r9kBrLb2WVbHwtBU=,vVdu37lgQQrRFGDzfaEJ5MLpgdk=
-6,-54,roXUJYtlB92r9kBrLb2WVbHwtBU=,vVdu37lgQQrRFGDzfaEJ5MLpgdk=
-4,-54,roXUJYtlB92r9kBrLb2WVbHwtBU=,vVdu37lgQQrRFGDzfaEJ5MLpgdk=
-7,-54,roXUJYtlB92r9kBrLb2WVbHwtBU=,vVdu37lgQQrRFGDzfaEJ5MLpgdk=
-8,-54,roXUJYtlB92r9kBrLb2WVbHwtBU=,vVdu37lgQQrRFGDzfaEJ5MLpgdk=
-9,-54,roXUJYtlB92r9kBrLb2WVbHwtBU=,vVdu37lgQQrRFGDzfaEJ5MLpgdk=
-10,-54,roXUJYtlB92r9kBrLb2WVbHwtBU=,vVdu37lgQQrRFGDzfaEJ5MLpgdk=
-11,-61,roXUJYtlB92r9kBrLb2WVbHwtBU=,vVdu37lgQQrRFGDzfaEJ5MLpgdk=
-11,-54,roXUJYtlB92r9kBrLb2WVbHwtBU=,vVdu37lgQQrRFGDzfaEJ5MLpgdk=
-4,-64,roXUJYtlB92r9kBrLb2WVbHwtBU=,vVdu37lgQQrRFGDzfaEJ5MLpgdk=
-12,-54,roXUJYtlB92r9kBrLb2WVbHwtBU=,vVdu37lgQQrRFGDzfaEJ5MLpgdk=
-14,-54,roXUJYtlB92r9kBrLb2WVbHwtBU=,vVdu37lgQQrRFGDzfaEJ5MLpgdk=
-13,-54,roXUJYtlB92r9kBrLb2WVbHwtBU=,vVdu37lgQQrRFGDzfaEJ5MLpgdk=
-15,-54,roXUJYtlB92r9kBrLb2WVbHwtBU=,vVdu37lgQQrRFGDzfaEJ5MLpgdk=
-5,-55,roXUJYtlB92r9kBrLb2WVbHwtBU=,vVdu37lgQQrRFGDzfaEJ5MLpgdk=
-10,-53,roXUJYtlB92r9kBrLb2WVbHwtBU=,vVdu37lgQQrRFGDzfaEJ5MLpgdk=
-6,-55,roXUJYtlB92r9kBrLb2WVbHwtBU=,vVdu37lgQQrRFGDzfaEJ5MLpgdk=
-7,-55,roXUJYtlB92r9kBrLb2WVbHwtBU=,vVdu37lgQQrRFGDzfaEJ5MLpgdk=
-9,-55,roXUJYtlB92r9kBrLb2WVbHwtBU=,vVdu37lgQQrRFGDzfaEJ5MLpgdk=
-8,-55,roXUJYtlB92r9kBrLb2WVbHwtBU=,vVdu37lgQQrRFGDzfaEJ5MLpgdk=
-5,-64,roXUJYtlB92r9kBrLb2WVbHwtBU=,vVdu37lgQQrRFGDzfaEJ5MLpgdk=
-7,-63,roXUJYtlB92r9kBrLb2WVbHwtBU=,vVdu37lgQQrRFGDzfaEJ5MLpgdk=
-10,-55,roXUJYtlB92r9kBrLb2WVbHwtBU=,vVdu37lgQQrRFGDzfaEJ5MLpgdk=
-11,-55,roXUJYtlB92r9kBrLb2WVbHwtBU=,vVdu37lgQQrRFGDzfaEJ5MLpgdk=
-12,-55,roXUJYtlB92r9kBrLb2WVbHwtBU=,vVdu37lgQQrRFGDzfaEJ5MLpgdk=
-12,-61,roXUJYtlB92r9kBrLb2WVbHwtBU=,vVdu37lgQQrRFGDzfaEJ5MLpgdk=
-13,-55,roXUJYtlB92r9kBrLb2WVbHwtBU=,vVdu37lgQQrRFGDzfaEJ5MLpgdk=
-14,-55,roXUJYtlB92r9kBrLb2WVbHwtBU=,vVdu37lgQQrRFGDzfaEJ5MLpgdk=
-15,-55,roXUJYtlB92r9kBrLb2WVbHwtBU=,vVdu37lgQQrRFGDzfaEJ5MLpgdk=
-1,-53,roXUJYtlB92r9kBrLb2WVbHwtBU=,vVdu37lgQQrRFGDzfaEJ5MLpgdk=
-16,-55,roXUJYtlB92r9kBrLb2WVbHwtBU=,vVdu37lgQQrRFGDzfaEJ5MLpgdk=
-8,-63,roXUJYtlB92r9kBrLb2WVbHwtBU=,vVdu37lgQQrRFGDzfaEJ5MLpgdk=
-4,-55,roXUJYtlB92r9kBrLb2WVbHwtBU=,vVdu37lgQQrRFGDzfaEJ5MLpgdk=
-1,-54,roXUJYtlB92r9kBrLb2WVbHwtBU=,vVdu37lgQQrRFGDzfaEJ5MLpgdk=
-11,-53,roXUJYtlB92r9kBrLb2WVbHwtBU=,vVdu37lgQQrRFGDzfaEJ5MLpgdk=
-2,-50,roXUJYtlB92r9kBrLb2WVbHwtBU=,vVdu37lgQQrRFGDzfaEJ5MLpgdk=
-5,-56,roXUJYtlB92r9kBrLb2WVbHwtBU=,vVdu37lgQQrRFGDzfaEJ5MLpgdk=
-6,-56,roXUJYtlB92r9kBrLb2WVbHwtBU=,vVdu37lgQQrRFGDzfaEJ5MLpgdk=
-8,-56,roXUJYtlB92r9kBrLb2WVbHwtBU=,vVdu37lgQQrRFGDzfaEJ5MLpgdk=
-13,-61,roXUJYtlB92r9kBrLb2WVbHwtBU=,vVdu37lgQQrRFGDzfaEJ5MLpgdk=
-6,-64,roXUJYtlB92r9kBrLb2WVbHwtBU=,vVdu37lgQQrRFGDzfaEJ5MLpgdk=
-7,-56,roXUJYtlB92r9kBrLb2WVbHwtBU=,vVdu37lgQQrRFGDzfaEJ5MLpgdk=
-10,-56,roXUJYtlB92r9kBrLb2WVbHwtBU=,vVdu37lgQQrRFGDzfaEJ5MLpgdk=
-4,-56,roXUJYtlB92r9kBrLb2WVbHwtBU=,vVdu37lgQQrRFGDzfaEJ5MLpgdk=
-12,-56,roXUJYtlB92r9kBrLb2WVbHwtBU=,vVdu37lgQQrRFGDzfaEJ5MLpgdk=
-11,-56,roXUJYtlB92r9kBrLb2WVbHwtBU=,vVdu37lgQQrRFGDzfaEJ5MLpgdk=
-9,-56,roXUJYtlB92r9kBrLb2WVbHwtBU=,vVdu37lgQQrRFGDzfaEJ5MLpgdk=
-14,-56,roXUJYtlB92r9kBrLb2WVbHwtBU=,vVdu37lgQQrRFGDzfaEJ5MLpgdk=
-13,-56,roXUJYtlB92r9kBrLb2WVbHwtBU=,vVdu37lgQQrRFGDzfaEJ5MLpgdk=
-15,-56,roXUJYtlB92r9kBrLb2WVbHwtBU=,vVdu37lgQQrRFGDzfaEJ5MLpgdk=
-9,-63,roXUJYtlB92r9kBrLb2WVbHwtBU=,vVdu37lgQQrRFGDzfaEJ5MLpgdk=
-16,-56,roXUJYtlB92r9kBrLb2WVbHwtBU=,vVdu37lgQQrRFGDzfaEJ5MLpgdk=
-1,-49,roXUJYtlB92r9kBrLb2WVbHwtBU=,vVdu37lgQQrRFGDzfaEJ5MLpgdk=
-2,-53,roXUJYtlB92r9kBrLb2WVbHwtBU=,vVdu37lgQQrRFGDzfaEJ5MLpgdk=
-3,-57,roXUJYtlB92r9kBrLb2WVbHwtBU=,vVdu37lgQQrRFGDzfaEJ5MLpgdk=
-4,-57,roXUJYtlB92r9kBrLb2WVbHwtBU=,vVdu37lgQQrRFGDzfaEJ5MLpgdk=
-6,-57,roXUJYtlB92r9kBrLb2WVbHwtBU=,vVdu37lgQQrRFGDzfaEJ5MLpgdk=
-5,-57,roXUJYtlB92r9kBrLb2WVbHwtBU=,vVdu37lgQQrRFGDzfaEJ5MLpgdk=
-7,-57,roXUJYtlB92r9kBrLb2WVbHwtBU=,vVdu37lgQQrRFGDzfaEJ5MLpgdk=
-7,-64,roXUJYtlB92r9kBrLb2WVbHwtBU=,vVdu37lgQQrRFGDzfaEJ5MLpgdk=
-14,-61,roXUJYtlB92r9kBrLb2WVbHwtBU=,vVdu37lgQQrRFGDzfaEJ5MLpgdk=
-8,-57,roXUJYtlB92r9kBrLb2WVbHwtBU=,vVdu37lgQQrRFGDzfaEJ5MLpgdk=
-9,-57,roXUJYtlB92r9kBrLb2WVbHwtBU=,vVdu37lgQQrRFGDzfaEJ5MLpgdk=
-10,-57,roXUJYtlB92r9kBrLb2WVbHwtBU=,vVdu37lgQQrRFGDzfaEJ5MLpgdk=
-12,-57,roXUJYtlB92r9kBrLb2WVbHwtBU=,vVdu37lgQQrRFGDzfaEJ5MLpgdk=
-11,-57,roXUJYtlB92r9kBrLb2WVbHwtBU=,vVdu37lgQQrRFGDzfaEJ5MLpgdk=
-14,-57,roXUJYtlB92r9kBrLb2WVbHwtBU=,vVdu37lgQQrRFGDzfaEJ5MLpgdk=
-13,-57,roXUJYtlB92r9kBrLb2WVbHwtBU=,vVdu37lgQQrRFGDzfaEJ5MLpgdk=
-10,-63,roXUJYtlB92r9kBrLb2WVbHwtBU=,vVdu37lgQQrRFGDzfaEJ5MLpgdk=
-15,-57,roXUJYtlB92r9kBrLb2WVbHwtBU=,vVdu37lgQQrRFGDzfaEJ5MLpgdk=
-2,-51,roXUJYtlB92r9kBrLb2WVbHwtBU=,vVdu37lgQQrRFGDzfaEJ5MLpgdk=
-16,-57,roXUJYtlB92r9kBrLb2WVbHwtBU=,vVdu37lgQQrRFGDzfaEJ5MLpgdk=
-2,-55,roXUJYtlB92r9kBrLb2WVbHwtBU=,vVdu37lgQQrRFGDzfaEJ5MLpgdk=
-3,-58,roXUJYtlB92r9kBrLb2WVbHwtBU=,vVdu37lgQQrRFGDzfaEJ5MLpgdk=
-5,-58,roXUJYtlB92r9kBrLb2WVbHwtBU=,vVdu37lgQQrRFGDzfaEJ5MLpgdk=
-4,-58,roXUJYtlB92r9kBrLb2WVbHwtBU=,vVdu37lgQQrRFGDzfaEJ5MLpgdk=
-12,-51,roXUJYtlB92r9kBrLb2WVbHwtBU=,vVdu37lgQQrRFGDzfaEJ5MLpgdk=
-6,-58,roXUJYtlB92r9kBrLb2WVbHwtBU=,vVdu37lgQQrRFGDzfaEJ5MLpgdk=
-8,-64,roXUJYtlB92r9kBrLb2WVbHwtBU=,vVdu37lgQQrRFGDzfaEJ5MLpgdk=
-7,-58,roXUJYtlB92r9kBrLb2WVbHwtBU=,vVdu37lgQQrRFGDzfaEJ5MLpgdk=
-15,-61,roXUJYtlB92r9kBrLb2WVbHwtBU=,vVdu37lgQQrRFGDzfaEJ5MLpgdk=
-9,-58,roXUJYtlB92r9kBrLb2WVbHwtBU=,vVdu37lgQQrRFGDzfaEJ5MLpgdk=
-8,-58,roXUJYtlB92r9kBrLb2WVbHwtBU=,vVdu37lgQQrRFGDzfaEJ5MLpgdk=
-10,-58,roXUJYtlB92r9kBrLb2WVbHwtBU=,vVdu37lgQQrRFGDzfaEJ5MLpgdk=
-12,-58,roXUJYtlB92r9kBrLb2WVbHwtBU=,vVdu37lgQQrRFGDzfaEJ5MLpgdk=
-11,-58,roXUJYtlB92r9kBrLb2WVbHwtBU=,vVdu37lgQQrRFGDzfaEJ5MLpgdk=
-16,-54,roXUJYtlB92r9kBrLb2WVbHwtBU=,vVdu37lgQQrRFGDzfaEJ5MLpgdk=
-13,-58,roXUJYtlB92r9kBrLb2WVbHwtBU=,vVdu37lgQQrRFGDzfaEJ5MLpgdk=
-3,-55,roXUJYtlB92r9kBrLb2WVbHwtBU=,vVdu37lgQQrRFGDzfaEJ5MLpgdk=
-14,-58,roXUJYtlB92r9kBrLb2WVbHwtBU=,vVdu37lgQQrRFGDzfaEJ5MLpgdk=
-15,-58,roXUJYtlB92r9kBrLb2WVbHwtBU=,vVdu37lgQQrRFGDzfaEJ5MLpgdk=
-11,-63,roXUJYtlB92r9kBrLb2WVbHwtBU=,vVdu37lgQQrRFGDzfaEJ5MLpgdk=
-2,-59,roXUJYtlB92r9kBrLb2WVbHwtBU=,vVdu37lgQQrRFGDzfaEJ5MLpgdk=
-1,-55,roXUJYtlB92r9kBrLb2WVbHwtBU=,vVdu37lgQQrRFGDzfaEJ5MLpgdk=
-3,-59,roXUJYtlB92r9kBrLb2WVbHwtBU=,vVdu37lgQQrRFGDzfaEJ5MLpgdk=
-5,-59,roXUJYtlB92r9kBrLb2WVbHwtBU=,vVdu37lgQQrRFGDzfaEJ5MLpgdk=
-1,-51,roXUJYtlB92r9kBrLb2WVbHwtBU=,vVdu37lgQQrRFGDzfaEJ5MLpgdk=
-16,-58,roXUJYtlB92r9kBrLb2WVbHwtBU=,vVdu37lgQQrRFGDzfaEJ5MLpgdk=
-16,-61,roXUJYtlB92r9kBrLb2WVbHwtBU=,vVdu37lgQQrRFGDzfaEJ5MLpgdk=
-4,-59,roXUJYtlB92r9kBrLb2WVbHwtBU=,vVdu37lgQQrRFGDzfaEJ5MLpgdk=
-9,-64,roXUJYtlB92r9kBrLb2WVbHwtBU=,vVdu37lgQQrRFGDzfaEJ5MLpgdk=
-12,-63,roXUJYtlB92r9kBrLb2WVbHwtBU=,vVdu37lgQQrRFGDzfaEJ5MLpgdk=
-6,-59,roXUJYtlB92r9kBrLb2WVbHwtBU=,vVdu37lgQQrRFGDzfaEJ5MLpgdk=
-7,-59,roXUJYtlB92r9kBrLb2WVbHwtBU=,vVdu37lgQQrRFGDzfaEJ5MLpgdk=
-8,-59,roXUJYtlB92r9kBrLb2WVbHwtBU=,vVdu37lgQQrRFGDzfaEJ5MLpgdk=
-9,-59,roXUJYtlB92r9kBrLb2WVbHwtBU=,vVdu37lgQQrRFGDzfaEJ5MLpgdk=
-11,-59,roXUJYtlB92r9kBrLb2WVbHwtBU=,vVdu37lgQQrRFGDzfaEJ5MLpgdk=
-10,-59,roXUJYtlB92r9kBrLb2WVbHwtBU=,vVdu37lgQQrRFGDzfaEJ5MLpgdk=
-13,-59,roXUJYtlB92r9kBrLb2WVbHwtBU=,vVdu37lgQQrRFGDzfaEJ5MLpgdk=
-15,-59,roXUJYtlB92r9kBrLb2WVbHwtBU=,vVdu37lgQQrRFGDzfaEJ5MLpgdk=
-12,-59,roXUJYtlB92r9kBrLb2WVbHwtBU=,vVdu37lgQQrRFGDzfaEJ5MLpgdk=
-14,-59,roXUJYtlB92r9kBrLb2WVbHwtBU=,vVdu37lgQQrRFGDzfaEJ5MLpgdk=
-13,-63,roXUJYtlB92r9kBrLb2WVbHwtBU=,vVdu37lgQQrRFGDzfaEJ5MLpgdk=
-1,-60,roXUJYtlB92r9kBrLb2WVbHwtBU=,vVdu37lgQQrRFGDzfaEJ5MLpgdk=
-16,-59,roXUJYtlB92r9kBrLb2WVbHwtBU=,vVdu37lgQQrRFGDzfaEJ5MLpgdk=
-2,-60,roXUJYtlB92r9kBrLb2WVbHwtBU=,vVdu37lgQQrRFGDzfaEJ5MLpgdk=
-3,-60,roXUJYtlB92r9kBrLb2WVbHwtBU=,vVdu37lgQQrRFGDzfaEJ5MLpgdk=
-4,-60,roXUJYtlB92r9kBrLb2WVbHwtBU=,vVdu37lgQQrRFGDzfaEJ5MLpgdk=
-10,-64,roXUJYtlB92r9kBrLb2WVbHwtBU=,vVdu37lgQQrRFGDzfaEJ5MLpgdk=
-1,-62,roXUJYtlB92r9kBrLb2WVbHwtBU=,vVdu37lgQQrRFGDzfaEJ5MLpgdk=
-5,-60,roXUJYtlB92r9kBrLb2WVbHwtBU=,vVdu37lgQQrRFGDzfaEJ5MLpgdk=
-6,-60,roXUJYtlB92r9kBrLb2WVbHwtBU=,vVdu37lgQQrRFGDzfaEJ5MLpgdk=
-7,-60,roXUJYtlB92r9kBrLb2WVbHwtBU=,vVdu37lgQQrRFGDzfaEJ5MLpgdk=
-8,-60,roXUJYtlB92r9kBrLb2WVbHwtBU=,vVdu37lgQQrRFGDzfaEJ5MLpgdk=
-9,-60,roXUJYtlB92r9kBrLb2WVbHwtBU=,vVdu37lgQQrRFGDzfaEJ5MLpgdk=
-10,-60,roXUJYtlB92r9kBrLb2WVbHwtBU=,vVdu37lgQQrRFGDzfaEJ5MLpgdk=
-11,-60,roXUJYtlB92r9kBrLb2WVbHwtBU=,vVdu37lgQQrRFGDzfaEJ5MLpgdk=
-12,-60,roXUJYtlB92r9kBrLb2WVbHwtBU=,vVdu37lgQQrRFGDzfaEJ5MLpgdk=
-13,-60,roXUJYtlB92r9kBrLb2WVbHwtBU=,vVdu37lgQQrRFGDzfaEJ5MLpgdk=
-14,-60,roXUJYtlB92r9kBrLb2WVbHwtBU=,vVdu37lgQQrRFGDzfaEJ5MLpgdk=
-15,-60,roXUJYtlB92r9kBrLb2WVbHwtBU=,vVdu37lgQQrRFGDzfaEJ5MLpgdk=
-1,-56,roXUJYtlB92r9kBrLb2WVbHwtBU=,vVdu37lgQQrRFGDzfaEJ5MLpgdk=
-14,-63,roXUJYtlB92r9kBrLb2WVbHwtBU=,vVdu37lgQQrRFGDzfaEJ5MLpgdk=
-11,-64,roXUJYtlB92r9kBrLb2WVbHwtBU=,vVdu37lgQQrRFGDzfaEJ5MLpgdk=
-16,-60,roXUJYtlB92r9kBrLb2WVbHwtBU=,vVdu37lgQQrRFGDzfaEJ5MLpgdk=
-2,-61,roXUJYtlB92r9kBrLb2WVbHwtBU=,vVdu37lgQQrRFGDzfaEJ5MLpgdk=
-3,-61,roXUJYtlB92r9kBrLb2WVbHwtBU=,vVdu37lgQQrRFGDzfaEJ5MLpgdk=
-1,-61,roXUJYtlB92r9kBrLb2WVbHwtBU=,vVdu37lgQQrRFGDzfaEJ5MLpgdk=
-12,-64,roXUJYtlB92r9kBrLb2WVbHwtBU=,vVdu37lgQQrRFGDzfaEJ5MLpgdk=
-16,-64,roXUJYtlB92r9kBrLb2WVbHwtBU=,vVdu37lgQQrRFGDzfaEJ5MLpgdk=
-2,-62,roXUJYtlB92r9kBrLb2WVbHwtBU=,vVdu37lgQQrRFGDzfaEJ5MLpgdk=
-11,-52,roXUJYtlB92r9kBrLb2WVbHwtBU=,vVdu37lgQQrRFGDzfaEJ5MLpgdk=
-3,-56,roXUJYtlB92r9kBrLb2WVbHwtBU=,vVdu37lgQQrRFGDzfaEJ5MLpgdk=
-1,-50,roXUJYtlB92r9kBrLb2WVbHwtBU=,vVdu37lgQQrRFGDzfaEJ5MLpgdk=
-3,-54,roXUJYtlB92r9kBrLb2WVbHwtBU=,vVdu37lgQQrRFGDzfaEJ5MLpgdk=
-1,-59,roXUJYtlB92r9kBrLb2WVbHwtBU=,vVdu37lgQQrRFGDzfaEJ5MLpgdk=
-2,-58,roXUJYtlB92r9kBrLb2WVbHwtBU=,vVdu37lgQQrRFGDzfaEJ5MLpgdk=
-1,-57,roXUJYtlB92r9kBrLb2WVbHwtBU=,vVdu37lgQQrRFGDzfaEJ5MLpgdk=
-2,-54,roXUJYtlB92r9kBrLb2WVbHwtBU=,vVdu37lgQQrRFGDzfaEJ5MLpgdk=
-2,-56,roXUJYtlB92r9kBrLb2WVbHwtBU=,vVdu37lgQQrRFGDzfaEJ5MLpgdk=
-2,-57,roXUJYtlB92r9kBrLb2WVbHwtBU=,vVdu37lgQQrRFGDzfaEJ5MLpgdk=
-1,-58,roXUJYtlB92r9kBrLb2WVbHwtBU=,vVdu37lgQQrRFGDzfaEJ5MLpgdk=
-17,-33,19SNADu7fkYn/Jk+a538MbEGPNY=,nyQRMr7JVwiHJxus+PqpNooj5eM=
-19,-33,19SNADu7fkYn/Jk+a538MbEGPNY=,nyQRMr7JVwiHJxus+PqpNooj5eM=
-18,-33,19SNADu7fkYn/Jk+a538MbEGPNY=,nyQRMr7JVwiHJxus+PqpNooj5eM=
-18,-46,19SNADu7fkYn/Jk+a538MbEGPNY=,nyQRMr7JVwiHJxus+PqpNooj5eM=
-20,-33,19SNADu7fkYn/Jk+a538MbEGPNY=,nyQRMr7JVwiHJxus+PqpNooj5eM=
-21,-33,19SNADu7fkYn/Jk+a538MbEGPNY=,nyQRMr7JVwiHJxus+PqpNooj5eM=
-17,-46,19SNADu7fkYn/Jk+a538MbEGPNY=,nyQRMr7JVwiHJxus+PqpNooj5eM=
-22,-33,19SNADu7fkYn/Jk+a538MbEGPNY=,nyQRMr7JVwiHJxus+PqpNooj5eM=
-32,-45,19SNADu7fkYn/Jk+a538MbEGPNY=,nyQRMr7JVwiHJxus+PqpNooj5eM=
-23,-33,19SNADu7fkYn/Jk+a538MbEGPNY=,nyQRMr7JVwiHJxus+PqpNooj5eM=
-32,-48,19SNADu7fkYn/Jk+a538MbEGPNY=,nyQRMr7JVwiHJxus+PqpNooj5eM=
-24,-33,19SNADu7fkYn/Jk+a538MbEGPNY=,nyQRMr7JVwiHJxus+PqpNooj5eM=
-19,-46,19SNADu7fkYn/Jk+a538MbEGPNY=,nyQRMr7JVwiHJxus+PqpNooj5eM=
-30,-45,19SNADu7fkYn/Jk+a538MbEGPNY=,nyQRMr7JVwiHJxus+PqpNooj5eM=
-31,-45,19SNADu7fkYn/Jk+a538MbEGPNY=,nyQRMr7JVwiHJxus+PqpNooj5eM=
-25,-33,19SNADu7fkYn/Jk+a538MbEGPNY=,nyQRMr7JVwiHJxus+PqpNooj5eM=
-32,-46,19SNADu7fkYn/Jk+a538MbEGPNY=,nyQRMr7JVwiHJxus+PqpNooj5eM=
-26,-33,19SNADu7fkYn/Jk+a538MbEGPNY=,nyQRMr7JVwiHJxus+PqpNooj5eM=
-28,-48,19SNADu7fkYn/Jk+a538MbEGPNY=,nyQRMr7JVwiHJxus+PqpNooj5eM=
-27,-33,19SNADu7fkYn/Jk+a538MbEGPNY=,nyQRMr7JVwiHJxus+PqpNooj5eM=
-29,-45,19SNADu7fkYn/Jk+a538MbEGPNY=,nyQRMr7JVwiHJxus+PqpNooj5eM=
-28,-33,19SNADu7fkYn/Jk+a538MbEGPNY=,nyQRMr7JVwiHJxus+PqpNooj5eM=
-29,-33,19SNADu7fkYn/Jk+a538MbEGPNY=,nyQRMr7JVwiHJxus+PqpNooj5eM=
-28,-45,19SNADu7fkYn/Jk+a538MbEGPNY=,nyQRMr7JVwiHJxus+PqpNooj5eM=
-27,-45,19SNADu7fkYn/Jk+a538MbEGPNY=,nyQRMr7JVwiHJxus+PqpNooj5eM=
-30,-33,19SNADu7fkYn/Jk+a538MbEGPNY=,nyQRMr7JVwiHJxus+PqpNooj5eM=
-29,-48,19SNADu7fkYn/Jk+a538MbEGPNY=,nyQRMr7JVwiHJxus+PqpNooj5eM=
-26,-45,19SNADu7fkYn/Jk+a538MbEGPNY=,nyQRMr7JVwiHJxus+PqpNooj5eM=
-25,-45,19SNADu7fkYn/Jk+a538MbEGPNY=,nyQRMr7JVwiHJxus+PqpNooj5eM=
-17,-47,19SNADu7fkYn/Jk+a538MbEGPNY=,nyQRMr7JVwiHJxus+PqpNooj5eM=
-24,-45,19SNADu7fkYn/Jk+a538MbEGPNY=,nyQRMr7JVwiHJxus+PqpNooj5eM=
-31,-47,19SNADu7fkYn/Jk+a538MbEGPNY=,nyQRMr7JVwiHJxus+PqpNooj5eM=
-23,-45,19SNADu7fkYn/Jk+a538MbEGPNY=,nyQRMr7JVwiHJxus+PqpNooj5eM=
-31,-33,19SNADu7fkYn/Jk+a538MbEGPNY=,nyQRMr7JVwiHJxus+PqpNooj5eM=
-22,-45,19SNADu7fkYn/Jk+a538MbEGPNY=,nyQRMr7JVwiHJxus+PqpNooj5eM=
-32,-33,19SNADu7fkYn/Jk+a538MbEGPNY=,nyQRMr7JVwiHJxus+PqpNooj5eM=
-21,-45,19SNADu7fkYn/Jk+a538MbEGPNY=,nyQRMr7JVwiHJxus+PqpNooj5eM=
-20,-45,19SNADu7fkYn/Jk+a538MbEGPNY=,nyQRMr7JVwiHJxus+PqpNooj5eM=
-18,-47,19SNADu7fkYn/Jk+a538MbEGPNY=,nyQRMr7JVwiHJxus+PqpNooj5eM=
-19,-47,19SNADu7fkYn/Jk+a538MbEGPNY=,nyQRMr7JVwiHJxus+PqpNooj5eM=
-19,-45,19SNADu7fkYn/Jk+a538MbEGPNY=,nyQRMr7JVwiHJxus+PqpNooj5eM=
-20,-47,19SNADu7fkYn/Jk+a538MbEGPNY=,nyQRMr7JVwiHJxus+PqpNooj5eM=
-18,-45,19SNADu7fkYn/Jk+a538MbEGPNY=,nyQRMr7JVwiHJxus+PqpNooj5eM=
-21,-47,19SNADu7fkYn/Jk+a538MbEGPNY=,nyQRMr7JVwiHJxus+PqpNooj5eM=
-17,-45,19SNADu7fkYn/Jk+a538MbEGPNY=,nyQRMr7JVwiHJxus+PqpNooj5eM=
-22,-47,19SNADu7fkYn/Jk+a538MbEGPNY=,nyQRMr7JVwiHJxus+PqpNooj5eM=
-23,-47,19SNADu7fkYn/Jk+a538MbEGPNY=,nyQRMr7JVwiHJxus+PqpNooj5eM=
-31,-46,19SNADu7fkYn/Jk+a538MbEGPNY=,nyQRMr7JVwiHJxus+PqpNooj5eM=
-24,-47,19SNADu7fkYn/Jk+a538MbEGPNY=,nyQRMr7JVwiHJxus+PqpNooj5eM=
-25,-47,19SNADu7fkYn/Jk+a538MbEGPNY=,nyQRMr7JVwiHJxus+PqpNooj5eM=
-32,-44,19SNADu7fkYn/Jk+a538MbEGPNY=,nyQRMr7JVwiHJxus+PqpNooj5eM=
-31,-44,19SNADu7fkYn/Jk+a538MbEGPNY=,nyQRMr7JVwiHJxus+PqpNooj5eM=
-30,-44,19SNADu7fkYn/Jk+a538MbEGPNY=,nyQRMr7JVwiHJxus+PqpNooj5eM=
-27,-47,19SNADu7fkYn/Jk+a538MbEGPNY=,nyQRMr7JVwiHJxus+PqpNooj5eM=
-28,-47,19SNADu7fkYn/Jk+a538MbEGPNY=,nyQRMr7JVwiHJxus+PqpNooj5eM=
-29,-44,19SNADu7fkYn/Jk+a538MbEGPNY=,nyQRMr7JVwiHJxus+PqpNooj5eM=
-17,-34,19SNADu7fkYn/Jk+a538MbEGPNY=,nyQRMr7JVwiHJxus+PqpNooj5eM=
-29,-47,19SNADu7fkYn/Jk+a538MbEGPNY=,nyQRMr7JVwiHJxus+PqpNooj5eM=
-30,-46,19SNADu7fkYn/Jk+a538MbEGPNY=,nyQRMr7JVwiHJxus+PqpNooj5eM=
-26,-47,19SNADu7fkYn/Jk+a538MbEGPNY=,nyQRMr7JVwiHJxus+PqpNooj5eM=
-30,-47,19SNADu7fkYn/Jk+a538MbEGPNY=,nyQRMr7JVwiHJxus+PqpNooj5eM=
-27,-48,19SNADu7fkYn/Jk+a538MbEGPNY=,nyQRMr7JVwiHJxus+PqpNooj5eM=
-18,-34,19SNADu7fkYn/Jk+a538MbEGPNY=,nyQRMr7JVwiHJxus+PqpNooj5eM=
-30,-48,19SNADu7fkYn/Jk+a538MbEGPNY=,nyQRMr7JVwiHJxus+PqpNooj5eM=
-28,-44,19SNADu7fkYn/Jk+a538MbEGPNY=,nyQRMr7JVwiHJxus+PqpNooj5eM=
-19,-34,19SNADu7fkYn/Jk+a538MbEGPNY=,nyQRMr7JVwiHJxus+PqpNooj5eM=
-27,-44,19SNADu7fkYn/Jk+a538MbEGPNY=,nyQRMr7JVwiHJxus+PqpNooj5eM=
-20,-46,19SNADu7fkYn/Jk+a538MbEGPNY=,nyQRMr7JVwiHJxus+PqpNooj5eM=
-20,-34,19SNADu7fkYn/Jk+a538MbEGPNY=,nyQRMr7JVwiHJxus+PqpNooj5eM=
-26,-44,19SNADu7fkYn/Jk+a538MbEGPNY=,nyQRMr7JVwiHJxus+PqpNooj5eM=
-23,-34,19SNADu7fkYn/Jk+a538MbEGPNY=,nyQRMr7JVwiHJxus+PqpNooj5eM=
-22,-34,19SNADu7fkYn/Jk+a538MbEGPNY=,nyQRMr7JVwiHJxus+PqpNooj5eM=
-24,-34,19SNADu7fkYn/Jk+a538MbEGPNY=,nyQRMr7JVwiHJxus+PqpNooj5eM=
-25,-44,19SNADu7fkYn/Jk+a538MbEGPNY=,nyQRMr7JVwiHJxus+PqpNooj5eM=
-25,-34,19SNADu7fkYn/Jk+a538MbEGPNY=,nyQRMr7JVwiHJxus+PqpNooj5eM=
-26,-34,19SNADu7fkYn/Jk+a538MbEGPNY=,nyQRMr7JVwiHJxus+PqpNooj5eM=
-24,-44,19SNADu7fkYn/Jk+a538MbEGPNY=,nyQRMr7JVwiHJxus+PqpNooj5eM=
-27,-34,19SNADu7fkYn/Jk+a538MbEGPNY=,nyQRMr7JVwiHJxus+PqpNooj5eM=
-28,-34,19SNADu7fkYn/Jk+a538MbEGPNY=,nyQRMr7JVwiHJxus+PqpNooj5eM=
-23,-44,19SNADu7fkYn/Jk+a538MbEGPNY=,nyQRMr7JVwiHJxus+PqpNooj5eM=
-29,-34,19SNADu7fkYn/Jk+a538MbEGPNY=,nyQRMr7JVwiHJxus+PqpNooj5eM=
-30,-34,19SNADu7fkYn/Jk+a538MbEGPNY=,nyQRMr7JVwiHJxus+PqpNooj5eM=
-21,-34,19SNADu7fkYn/Jk+a538MbEGPNY=,nyQRMr7JVwiHJxus+PqpNooj5eM=
-32,-34,19SNADu7fkYn/Jk+a538MbEGPNY=,nyQRMr7JVwiHJxus+PqpNooj5eM=
-17,-35,19SNADu7fkYn/Jk+a538MbEGPNY=,nyQRMr7JVwiHJxus+PqpNooj5eM=
-21,-44,19SNADu7fkYn/Jk+a538MbEGPNY=,nyQRMr7JVwiHJxus+PqpNooj5eM=
-22,-44,19SNADu7fkYn/Jk+a538MbEGPNY=,nyQRMr7JVwiHJxus+PqpNooj5eM=
-32,-47,19SNADu7fkYn/Jk+a538MbEGPNY=,nyQRMr7JVwiHJxus+PqpNooj5eM=
-18,-35,19SNADu7fkYn/Jk+a538MbEGPNY=,nyQRMr7JVwiHJxus+PqpNooj5eM=
-17,-48,19SNADu7fkYn/Jk+a538MbEGPNY=,nyQRMr7JVwiHJxus+PqpNooj5eM=
-20,-44,19SNADu7fkYn/Jk+a538MbEGPNY=,nyQRMr7JVwiHJxus+PqpNooj5eM=
-19,-35,19SNADu7fkYn/Jk+a538MbEGPNY=,nyQRMr7JVwiHJxus+PqpNooj5eM=
-31,-34,19SNADu7fkYn/Jk+a538MbEGPNY=,nyQRMr7JVwiHJxus+PqpNooj5eM=
-21,-35,19SNADu7fkYn/Jk+a538MbEGPNY=,nyQRMr7JVwiHJxus+PqpNooj5eM=
-20,-35,19SNADu7fkYn/Jk+a538MbEGPNY=,nyQRMr7JVwiHJxus+PqpNooj5eM=
-19,-44,19SNADu7fkYn/Jk+a538MbEGPNY=,nyQRMr7JVwiHJxus+PqpNooj5eM=
-23,-35,19SNADu7fkYn/Jk+a538MbEGPNY=,nyQRMr7JVwiHJxus+PqpNooj5eM=
-22,-35,19SNADu7fkYn/Jk+a538MbEGPNY=,nyQRMr7JVwiHJxus+PqpNooj5eM=
-18,-44,19SNADu7fkYn/Jk+a538MbEGPNY=,nyQRMr7JVwiHJxus+PqpNooj5eM=
-25,-35,19SNADu7fkYn/Jk+a538MbEGPNY=,nyQRMr7JVwiHJxus+PqpNooj5eM=
-26,-35,19SNADu7fkYn/Jk+a538MbEGPNY=,nyQRMr7JVwiHJxus+PqpNooj5eM=
-17,-44,19SNADu7fkYn/Jk+a538MbEGPNY=,nyQRMr7JVwiHJxus+PqpNooj5eM=
-27,-35,19SNADu7fkYn/Jk+a538MbEGPNY=,nyQRMr7JVwiHJxus+PqpNooj5eM=
-28,-35,19SNADu7fkYn/Jk+a538MbEGPNY=,nyQRMr7JVwiHJxus+PqpNooj5eM=
-26,-48,19SNADu7fkYn/Jk+a538MbEGPNY=,nyQRMr7JVwiHJxus+PqpNooj5eM=
-21,-46,19SNADu7fkYn/Jk+a538MbEGPNY=,nyQRMr7JVwiHJxus+PqpNooj5eM=
-32,-43,19SNADu7fkYn/Jk+a538MbEGPNY=,nyQRMr7JVwiHJxus+PqpNooj5eM=
-29,-35,19SNADu7fkYn/Jk+a538MbEGPNY=,nyQRMr7JVwiHJxus+PqpNooj5eM=
-31,-48,19SNADu7fkYn/Jk+a538MbEGPNY=,nyQRMr7JVwiHJxus+PqpNooj5eM=
-31,-35,19SNADu7fkYn/Jk+a538MbEGPNY=,nyQRMr7JVwiHJxus+PqpNooj5eM=
-30,-35,19SNADu7fkYn/Jk+a538MbEGPNY=,nyQRMr7JVwiHJxus+PqpNooj5eM=
-32,-35,19SNADu7fkYn/Jk+a538MbEGPNY=,nyQRMr7JVwiHJxus+PqpNooj5eM=
-31,-43,19SNADu7fkYn/Jk+a538MbEGPNY=,nyQRMr7JVwiHJxus+PqpNooj5eM=
-17,-36,19SNADu7fkYn/Jk+a538MbEGPNY=,nyQRMr7JVwiHJxus+PqpNooj5eM=
-18,-36,19SNADu7fkYn/Jk+a538MbEGPNY=,nyQRMr7JVwiHJxus+PqpNooj5eM=
-30,-43,19SNADu7fkYn/Jk+a538MbEGPNY=,nyQRMr7JVwiHJxus+PqpNooj5eM=
-18,-48,19SNADu7fkYn/Jk+a538MbEGPNY=,nyQRMr7JVwiHJxus+PqpNooj5eM=
-20,-36,19SNADu7fkYn/Jk+a538MbEGPNY=,nyQRMr7JVwiHJxus+PqpNooj5eM=
-22,-46,19SNADu7fkYn/Jk+a538MbEGPNY=,nyQRMr7JVwiHJxus+PqpNooj5eM=
-21,-36,19SNADu7fkYn/Jk+a538MbEGPNY=,nyQRMr7JVwiHJxus+PqpNooj5eM=
-22,-36,19SNADu7fkYn/Jk+a538MbEGPNY=,nyQRMr7JVwiHJxus+PqpNooj5eM=
-28,-43,19SNADu7fkYn/Jk+a538MbEGPNY=,nyQRMr7JVwiHJxus+PqpNooj5eM=
-29,-43,19SNADu7fkYn/Jk+a538MbEGPNY=,nyQRMr7JVwiHJxus+PqpNooj5eM=
-29,-46,19SNADu7fkYn/Jk+a538MbEGPNY=,nyQRMr7JVwiHJxus+PqpNooj5eM=
-27,-43,19SNADu7fkYn/Jk+a538MbEGPNY=,nyQRMr7JVwiHJxus+PqpNooj5eM=
-25,-48,19SNADu7fkYn/Jk+a538MbEGPNY=,nyQRMr7JVwiHJxus+PqpNooj5eM=
-26,-43,19SNADu7fkYn/Jk+a538MbEGPNY=,nyQRMr7JVwiHJxus+PqpNooj5eM=
-25,-43,19SNADu7fkYn/Jk+a538MbEGPNY=,nyQRMr7JVwiHJxus+PqpNooj5eM=
-24,-43,19SNADu7fkYn/Jk+a538MbEGPNY=,nyQRMr7JVwiHJxus+PqpNooj5eM=
-22,-43,19SNADu7fkYn/Jk+a538MbEGPNY=,nyQRMr7JVwiHJxus+PqpNooj5eM=
-23,-43,19SNADu7fkYn/Jk+a538MbEGPNY=,nyQRMr7JVwiHJxus+PqpNooj5eM=
-21,-43,19SNADu7fkYn/Jk+a538MbEGPNY=,nyQRMr7JVwiHJxus+PqpNooj5eM=
-20,-43,19SNADu7fkYn/Jk+a538MbEGPNY=,nyQRMr7JVwiHJxus+PqpNooj5eM=
-18,-43,19SNADu7fkYn/Jk+a538MbEGPNY=,nyQRMr7JVwiHJxus+PqpNooj5eM=
-19,-43,19SNADu7fkYn/Jk+a538MbEGPNY=,nyQRMr7JVwiHJxus+PqpNooj5eM=
-17,-43,19SNADu7fkYn/Jk+a538MbEGPNY=,nyQRMr7JVwiHJxus+PqpNooj5eM=
-32,-42,19SNADu7fkYn/Jk+a538MbEGPNY=,nyQRMr7JVwiHJxus+PqpNooj5eM=
-31,-42,19SNADu7fkYn/Jk+a538MbEGPNY=,nyQRMr7JVwiHJxus+PqpNooj5eM=
-25,-36,19SNADu7fkYn/Jk+a538MbEGPNY=,nyQRMr7JVwiHJxus+PqpNooj5eM=
-30,-42,19SNADu7fkYn/Jk+a538MbEGPNY=,nyQRMr7JVwiHJxus+PqpNooj5eM=
-26,-36,19SNADu7fkYn/Jk+a538MbEGPNY=,nyQRMr7JVwiHJxus+PqpNooj5eM=
-29,-42,19SNADu7fkYn/Jk+a538MbEGPNY=,nyQRMr7JVwiHJxus+PqpNooj5eM=
-28,-42,19SNADu7fkYn/Jk+a538MbEGPNY=,nyQRMr7JVwiHJxus+PqpNooj5eM=
-27,-36,19SNADu7fkYn/Jk+a538MbEGPNY=,nyQRMr7JVwiHJxus+PqpNooj5eM=
-27,-42,19SNADu7fkYn/Jk+a538MbEGPNY=,nyQRMr7JVwiHJxus+PqpNooj5eM=
-28,-46,19SNADu7fkYn/Jk+a538MbEGPNY=,nyQRMr7JVwiHJxus+PqpNooj5eM=
-28,-36,19SNADu7fkYn/Jk+a538MbEGPNY=,nyQRMr7JVwiHJxus+PqpNooj5eM=
-29,-36,19SNADu7fkYn/Jk+a538MbEGPNY=,nyQRMr7JVwiHJxus+PqpNooj5eM=
-24,-48,19SNADu7fkYn/Jk+a538MbEGPNY=,nyQRMr7JVwiHJxus+PqpNooj5eM=
-30,-36,19SNADu7fkYn/Jk+a538MbEGPNY=,nyQRMr7JVwiHJxus+PqpNooj5eM=
-26,-42,19SNADu7fkYn/Jk+a538MbEGPNY=,nyQRMr7JVwiHJxus+PqpNooj5eM=
-31,-36,19SNADu7fkYn/Jk+a538MbEGPNY=,nyQRMr7JVwiHJxus+PqpNooj5eM=
-25,-42,19SNADu7fkYn/Jk+a538MbEGPNY=,nyQRMr7JVwiHJxus+PqpNooj5eM=
-32,-36,19SNADu7fkYn/Jk+a538MbEGPNY=,nyQRMr7JVwiHJxus+PqpNooj5eM=
-17,-37,19SNADu7fkYn/Jk+a538MbEGPNY=,nyQRMr7JVwiHJxus+PqpNooj5eM=
-24,-42,19SNADu7fkYn/Jk+a538MbEGPNY=,nyQRMr7JVwiHJxus+PqpNooj5eM=
-23,-42,19SNADu7fkYn/Jk+a538MbEGPNY=,nyQRMr7JVwiHJxus+PqpNooj5eM=
-18,-37,19SNADu7fkYn/Jk+a538MbEGPNY=,nyQRMr7JVwiHJxus+PqpNooj5eM=
-19,-37,19SNADu7fkYn/Jk+a538MbEGPNY=,nyQRMr7JVwiHJxus+PqpNooj5eM=
-22,-42,19SNADu7fkYn/Jk+a538MbEGPNY=,nyQRMr7JVwiHJxus+PqpNooj5eM=
-20,-37,19SNADu7fkYn/Jk+a538MbEGPNY=,nyQRMr7JVwiHJxus+PqpNooj5eM=
-19,-48,19SNADu7fkYn/Jk+a538MbEGPNY=,nyQRMr7JVwiHJxus+PqpNooj5eM=
-21,-42,19SNADu7fkYn/Jk+a538MbEGPNY=,nyQRMr7JVwiHJxus+PqpNooj5eM=
-20,-42,19SNADu7fkYn/Jk+a538MbEGPNY=,nyQRMr7JVwiHJxus+PqpNooj5eM=
-21,-37,19SNADu7fkYn/Jk+a538MbEGPNY=,nyQRMr7JVwiHJxus+PqpNooj5eM=
-19,-42,19SNADu7fkYn/Jk+a538MbEGPNY=,nyQRMr7JVwiHJxus+PqpNooj5eM=
-18,-42,19SNADu7fkYn/Jk+a538MbEGPNY=,nyQRMr7JVwiHJxus+PqpNooj5eM=
-23,-46,19SNADu7fkYn/Jk+a538MbEGPNY=,nyQRMr7JVwiHJxus+PqpNooj5eM=
-22,-37,19SNADu7fkYn/Jk+a538MbEGPNY=,nyQRMr7JVwiHJxus+PqpNooj5eM=
-17,-42,19SNADu7fkYn/Jk+a538MbEGPNY=,nyQRMr7JVwiHJxus+PqpNooj5eM=
-32,-41,19SNADu7fkYn/Jk+a538MbEGPNY=,nyQRMr7JVwiHJxus+PqpNooj5eM=
-30,-41,19SNADu7fkYn/Jk+a538MbEGPNY=,nyQRMr7JVwiHJxus+PqpNooj5eM=
-31,-41,19SNADu7fkYn/Jk+a538MbEGPNY=,nyQRMr7JVwiHJxus+PqpNooj5eM=
-24,-36,19SNADu7fkYn/Jk+a538MbEGPNY=,nyQRMr7JVwiHJxus+PqpNooj5eM=
-29,-41,19SNADu7fkYn/Jk+a538MbEGPNY=,nyQRMr7JVwiHJxus+PqpNooj5eM=
-25,-37,19SNADu7fkYn/Jk+a538MbEGPNY=,nyQRMr7JVwiHJxus+PqpNooj5eM=
-26,-37,19SNADu7fkYn/Jk+a538MbEGPNY=,nyQRMr7JVwiHJxus+PqpNooj5eM=
-28,-41,19SNADu7fkYn/Jk+a538MbEGPNY=,nyQRMr7JVwiHJxus+PqpNooj5eM=
-23,-36,19SNADu7fkYn/Jk+a538MbEGPNY=,nyQRMr7JVwiHJxus+PqpNooj5eM=
-27,-37,19SNADu7fkYn/Jk+a538MbEGPNY=,nyQRMr7JVwiHJxus+PqpNooj5eM=
-27,-41,19SNADu7fkYn/Jk+a538MbEGPNY=,nyQRMr7JVwiHJxus+PqpNooj5eM=
-24,-37,19SNADu7fkYn/Jk+a538MbEGPNY=,nyQRMr7JVwiHJxus+PqpNooj5eM=
-30,-37,19SNADu7fkYn/Jk+a538MbEGPNY=,nyQRMr7JVwiHJxus+PqpNooj5eM=
-26,-41,19SNADu7fkYn/Jk+a538MbEGPNY=,nyQRMr7JVwiHJxus+PqpNooj5eM=
-29,-37,19SNADu7fkYn/Jk+a538MbEGPNY=,nyQRMr7JVwiHJxus+PqpNooj5eM=
-31,-37,19SNADu7fkYn/Jk+a538MbEGPNY=,nyQRMr7JVwiHJxus+PqpNooj5eM=
-32,-37,19SNADu7fkYn/Jk+a538MbEGPNY=,nyQRMr7JVwiHJxus+PqpNooj5eM=
-28,-37,19SNADu7fkYn/Jk+a538MbEGPNY=,nyQRMr7JVwiHJxus+PqpNooj5eM=
-17,-38,19SNADu7fkYn/Jk+a538MbEGPNY=,nyQRMr7JVwiHJxus+PqpNooj5eM=
-19,-38,19SNADu7fkYn/Jk+a538MbEGPNY=,nyQRMr7JVwiHJxus+PqpNooj5eM=
-18,-38,19SNADu7fkYn/Jk+a538MbEGPNY=,nyQRMr7JVwiHJxus+PqpNooj5eM=
-27,-46,19SNADu7fkYn/Jk+a538MbEGPNY=,nyQRMr7JVwiHJxus+PqpNooj5eM=
-20,-38,19SNADu7fkYn/Jk+a538MbEGPNY=,nyQRMr7JVwiHJxus+PqpNooj5eM=
-20,-48,19SNADu7fkYn/Jk+a538MbEGPNY=,nyQRMr7JVwiHJxus+PqpNooj5eM=
-22,-38,19SNADu7fkYn/Jk+a538MbEGPNY=,nyQRMr7JVwiHJxus+PqpNooj5eM=
-23,-48,19SNADu7fkYn/Jk+a538MbEGPNY=,nyQRMr7JVwiHJxus+PqpNooj5eM=
-25,-41,19SNADu7fkYn/Jk+a538MbEGPNY=,nyQRMr7JVwiHJxus+PqpNooj5eM=
-25,-38,19SNADu7fkYn/Jk+a538MbEGPNY=,nyQRMr7JVwiHJxus+PqpNooj5eM=
-24,-46,19SNADu7fkYn/Jk+a538MbEGPNY=,nyQRMr7JVwiHJxus+PqpNooj5eM=
-24,-41,19SNADu7fkYn/Jk+a538MbEGPNY=,nyQRMr7JVwiHJxus+PqpNooj5eM=
-26,-38,19SNADu7fkYn/Jk+a538MbEGPNY=,nyQRMr7JVwiHJxus+PqpNooj5eM=
-27,-38,19SNADu7fkYn/Jk+a538MbEGPNY=,nyQRMr7JVwiHJxus+PqpNooj5eM=
-24,-38,19SNADu7fkYn/Jk+a538MbEGPNY=,nyQRMr7JVwiHJxus+PqpNooj5eM=
-29,-38,19SNADu7fkYn/Jk+a538MbEGPNY=,nyQRMr7JVwiHJxus+PqpNooj5eM=
-23,-41,19SNADu7fkYn/Jk+a538MbEGPNY=,nyQRMr7JVwiHJxus+PqpNooj5eM=
-28,-38,19SNADu7fkYn/Jk+a538MbEGPNY=,nyQRMr7JVwiHJxus+PqpNooj5eM=
-31,-38,19SNADu7fkYn/Jk+a538MbEGPNY=,nyQRMr7JVwiHJxus+PqpNooj5eM=
-32,-38,19SNADu7fkYn/Jk+a538MbEGPNY=,nyQRMr7JVwiHJxus+PqpNooj5eM=
-30,-38,19SNADu7fkYn/Jk+a538MbEGPNY=,nyQRMr7JVwiHJxus+PqpNooj5eM=
-17,-39,19SNADu7fkYn/Jk+a538MbEGPNY=,nyQRMr7JVwiHJxus+PqpNooj5eM=
-19,-39,19SNADu7fkYn/Jk+a538MbEGPNY=,nyQRMr7JVwiHJxus+PqpNooj5eM=
-22,-41,19SNADu7fkYn/Jk+a538MbEGPNY=,nyQRMr7JVwiHJxus+PqpNooj5eM=
-21,-39,19SNADu7fkYn/Jk+a538MbEGPNY=,nyQRMr7JVwiHJxus+PqpNooj5eM=
-20,-39,19SNADu7fkYn/Jk+a538MbEGPNY=,nyQRMr7JVwiHJxus+PqpNooj5eM=
-18,-39,19SNADu7fkYn/Jk+a538MbEGPNY=,nyQRMr7JVwiHJxus+PqpNooj5eM=
-21,-41,19SNADu7fkYn/Jk+a538MbEGPNY=,nyQRMr7JVwiHJxus+PqpNooj5eM=
-25,-46,19SNADu7fkYn/Jk+a538MbEGPNY=,nyQRMr7JVwiHJxus+PqpNooj5eM=
-23,-39,19SNADu7fkYn/Jk+a538MbEGPNY=,nyQRMr7JVwiHJxus+PqpNooj5eM=
-24,-39,19SNADu7fkYn/Jk+a538MbEGPNY=,nyQRMr7JVwiHJxus+PqpNooj5eM=
-25,-39,19SNADu7fkYn/Jk+a538MbEGPNY=,nyQRMr7JVwiHJxus+PqpNooj5eM=
-20,-41,19SNADu7fkYn/Jk+a538MbEGPNY=,nyQRMr7JVwiHJxus+PqpNooj5eM=
-26,-39,19SNADu7fkYn/Jk+a538MbEGPNY=,nyQRMr7JVwiHJxus+PqpNooj5eM=
-27,-39,19SNADu7fkYn/Jk+a538MbEGPNY=,nyQRMr7JVwiHJxus+PqpNooj5eM=
-28,-39,19SNADu7fkYn/Jk+a538MbEGPNY=,nyQRMr7JVwiHJxus+PqpNooj5eM=
-30,-39,19SNADu7fkYn/Jk+a538MbEGPNY=,nyQRMr7JVwiHJxus+PqpNooj5eM=
-29,-39,19SNADu7fkYn/Jk+a538MbEGPNY=,nyQRMr7JVwiHJxus+PqpNooj5eM=
-31,-39,19SNADu7fkYn/Jk+a538MbEGPNY=,nyQRMr7JVwiHJxus+PqpNooj5eM=
-19,-41,19SNADu7fkYn/Jk+a538MbEGPNY=,nyQRMr7JVwiHJxus+PqpNooj5eM=
-18,-40,19SNADu7fkYn/Jk+a538MbEGPNY=,nyQRMr7JVwiHJxus+PqpNooj5eM=
-32,-39,19SNADu7fkYn/Jk+a538MbEGPNY=,nyQRMr7JVwiHJxus+PqpNooj5eM=
-21,-48,19SNADu7fkYn/Jk+a538MbEGPNY=,nyQRMr7JVwiHJxus+PqpNooj5eM=
-21,-40,19SNADu7fkYn/Jk+a538MbEGPNY=,nyQRMr7JVwiHJxus+PqpNooj5eM=
-22,-40,19SNADu7fkYn/Jk+a538MbEGPNY=,nyQRMr7JVwiHJxus+PqpNooj5eM=
-17,-40,19SNADu7fkYn/Jk+a538MbEGPNY=,nyQRMr7JVwiHJxus+PqpNooj5eM=
-20,-40,19SNADu7fkYn/Jk+a538MbEGPNY=,nyQRMr7JVwiHJxus+PqpNooj5eM=
-24,-40,19SNADu7fkYn/Jk+a538MbEGPNY=,nyQRMr7JVwiHJxus+PqpNooj5eM=
-23,-40,19SNADu7fkYn/Jk+a538MbEGPNY=,nyQRMr7JVwiHJxus+PqpNooj5eM=
-22,-48,19SNADu7fkYn/Jk+a538MbEGPNY=,nyQRMr7JVwiHJxus+PqpNooj5eM=
-25,-40,19SNADu7fkYn/Jk+a538MbEGPNY=,nyQRMr7JVwiHJxus+PqpNooj5eM=
-26,-46,19SNADu7fkYn/Jk+a538MbEGPNY=,nyQRMr7JVwiHJxus+PqpNooj5eM=
-26,-40,19SNADu7fkYn/Jk+a538MbEGPNY=,nyQRMr7JVwiHJxus+PqpNooj5eM=
-29,-40,19SNADu7fkYn/Jk+a538MbEGPNY=,nyQRMr7JVwiHJxus+PqpNooj5eM=
-28,-40,19SNADu7fkYn/Jk+a538MbEGPNY=,nyQRMr7JVwiHJxus+PqpNooj5eM=
-31,-40,19SNADu7fkYn/Jk+a538MbEGPNY=,nyQRMr7JVwiHJxus+PqpNooj5eM=
-30,-40,19SNADu7fkYn/Jk+a538MbEGPNY=,nyQRMr7JVwiHJxus+PqpNooj5eM=
-27,-40,19SNADu7fkYn/Jk+a538MbEGPNY=,nyQRMr7JVwiHJxus+PqpNooj5eM=
-17,-41,19SNADu7fkYn/Jk+a538MbEGPNY=,nyQRMr7JVwiHJxus+PqpNooj5eM=
-19,-36,19SNADu7fkYn/Jk+a538MbEGPNY=,nyQRMr7JVwiHJxus+PqpNooj5eM=
-32,-40,19SNADu7fkYn/Jk+a538MbEGPNY=,nyQRMr7JVwiHJxus+PqpNooj5eM=
-23,-37,19SNADu7fkYn/Jk+a538MbEGPNY=,nyQRMr7JVwiHJxus+PqpNooj5eM=
-23,-38,19SNADu7fkYn/Jk+a538MbEGPNY=,nyQRMr7JVwiHJxus+PqpNooj5eM=
-21,-38,19SNADu7fkYn/Jk+a538MbEGPNY=,nyQRMr7JVwiHJxus+PqpNooj5eM=
-24,-35,19SNADu7fkYn/Jk+a538MbEGPNY=,nyQRMr7JVwiHJxus+PqpNooj5eM=
-19,-40,19SNADu7fkYn/Jk+a538MbEGPNY=,nyQRMr7JVwiHJxus+PqpNooj5eM=
-18,-41,19SNADu7fkYn/Jk+a538MbEGPNY=,nyQRMr7JVwiHJxus+PqpNooj5eM=
-22,-39,19SNADu7fkYn/Jk+a538MbEGPNY=,nyQRMr7JVwiHJxus+PqpNooj5eM=
