28,-333,e7ZDONAgIOsFMCZz3172zEWBhYc=,DqbNjmnEwTNQwKL6Z/dIaYpxstU=
19,-336,e7ZDONAgIOsFMCZz3172zEWBhYc=,DqbNjmnEwTNQwKL6Z/dIaYpxstU=
29,-334,e7ZDONAgIOsFMCZz3172zEWBhYc=,DqbNjmnEwTNQwKL6Z/dIaYpxstU=
28,-334,e7ZDONAgIOsFMCZz3172zEWBhYc=,DqbNjmnEwTNQwKL6Z/dIaYpxstU=
27,-334,e7ZDONAgIOsFMCZz3172zEWBhYc=,DqbNjmnEwTNQwKL6Z/dIaYpxstU=
26,-334,e7ZDONAgIOsFMCZz3172zEWBhYc=,DqbNjmnEwTNQwKL6Z/dIaYpxstU=
22,-334,e7ZDONAgIOsFMCZz3172zEWBhYc=,DqbNjmnEwTNQwKL6Z/dIaYpxstU=
25,-334,e7ZDONAgIOsFMCZz3172zEWBhYc=,DqbNjmnEwTNQwKL6Z/dIaYpxstU=
23,-334,e7ZDONAgIOsFMCZz3172zEWBhYc=,DqbNjmnEwTNQwKL6Z/dIaYpxstU=
24,-334,e7ZDONAgIOsFMCZz3172zEWBhYc=,DqbNjmnEwTNQwKL6Z/dIaYpxstU=
21,-334,e7ZDONAgIOsFMCZz3172zEWBhYc=,DqbNjmnEwTNQwKL6Z/dIaYpxstU=
17,-334,e7ZDONAgIOsFMCZz3172zEWBhYc=,DqbNjmnEwTNQwKL6Z/dIaYpxstU=
20,-334,e7ZDONAgIOsFMCZz3172zEWBhYc=,DqbNjmnEwTNQwKL6Z/dIaYpxstU=
18,-334,e7ZDONAgIOsFMCZz3172zEWBhYc=,DqbNjmnEwTNQwKL6Z/dIaYpxstU=
30,-321,e7ZDONAgIOsFMCZz3172zEWBhYc=,DqbNjmnEwTNQwKL6Z/dIaYpxstU=
27,-333,e7ZDONAgIOsFMCZz3172zEWBhYc=,DqbNjmnEwTNQwKL6Z/dIaYpxstU=
27,-321,e7ZDONAgIOsFMCZz3172zEWBhYc=,DqbNjmnEwTNQwKL6Z/dIaYpxstU=
19,-334,e7ZDONAgIOsFMCZz3172zEWBhYc=,DqbNjmnEwTNQwKL6Z/dIaYpxstU=
26,-321,e7ZDONAgIOsFMCZz3172zEWBhYc=,DqbNjmnEwTNQwKL6Z/dIaYpxstU=
28,-321,e7ZDONAgIOsFMCZz3172zEWBhYc=,DqbNjmnEwTNQwKL6Z/dIaYpxstU=
29,-321,e7ZDONAgIOsFMCZz3172zEWBhYc=,DqbNjmnEwTNQwKL6Z/dIaYpxstU=
25,-321,e7ZDONAgIOsFMCZz3172zEWBhYc=,DqbNjmnEwTNQwKL6Z/dIaYpxstU=
16,-334,e7ZDONAgIOsFMCZz3172zEWBhYc=,DqbNjmnEwTNQwKL6Z/dIaYpxstU=
21,-321,e7ZDONAgIOsFMCZz3172zEWBhYc=,DqbNjmnEwTNQwKL6Z/dIaYpxstU=
22,-321,e7ZDONAgIOsFMCZz3172zEWBhYc=,DqbNjmnEwTNQwKL6Z/dIaYpxstU=
23,-321,e7ZDONAgIOsFMCZz3172zEWBhYc=,DqbNjmnEwTNQwKL6Z/dIaYpxstU=
20,-321,e7ZDONAgIOsFMCZz3172zEWBhYc=,DqbNjmnEwTNQwKL6Z/dIaYpxstU=
19,-321,e7ZDONAgIOsFMCZz3172zEWBhYc=,DqbNjmnEwTNQwKL6Z/dIaYpxstU=
24,-321,e7ZDONAgIOsFMCZz3172zEWBhYc=,DqbNjmnEwTNQwKL6Z/dIaYpxstU=
17,-321,e7ZDONAgIOsFMCZz3172zEWBhYc=,DqbNjmnEwTNQwKL6Z/dIaYpxstU=
18,-336,e7ZDONAgIOsFMCZz3172zEWBhYc=,DqbNjmnEwTNQwKL6Z/dIaYpxstU=
30,-335,e7ZDONAgIOsFMCZz3172zEWBhYc=,DqbNjmnEwTNQwKL6Z/dIaYpxstU=
26,-333,e7ZDONAgIOsFMCZz3172zEWBhYc=,DqbNjmnEwTNQwKL6Z/dIaYpxstU=
18,-321,e7ZDONAgIOsFMCZz3172zEWBhYc=,DqbNjmnEwTNQwKL6Z/dIaYpxstU=
30,-322,e7ZDONAgIOsFMCZz3172zEWBhYc=,DqbNjmnEwTNQwKL6Z/dIaYpxstU=
27,-322,e7ZDONAgIOsFMCZz3172zEWBhYc=,DqbNjmnEwTNQwKL6Z/dIaYpxstU=
29,-322,e7ZDONAgIOsFMCZz3172zEWBhYc=,DqbNjmnEwTNQwKL6Z/dIaYpxstU=
25,-322,e7ZDONAgIOsFMCZz3172zEWBhYc=,DqbNjmnEwTNQwKL6Z/dIaYpxstU=
26,-322,e7ZDONAgIOsFMCZz3172zEWBhYc=,DqbNjmnEwTNQwKL6Z/dIaYpxstU=
28,-322,e7ZDONAgIOsFMCZz3172zEWBhYc=,DqbNjmnEwTNQwKL6Z/dIaYpxstU=
24,-322,e7ZDONAgIOsFMCZz3172zEWBhYc=,DqbNjmnEwTNQwKL6Z/dIaYpxstU=
23,-322,e7ZDONAgIOsFMCZz3172zEWBhYc=,DqbNjmnEwTNQwKL6Z/dIaYpxstU=
22,-322,e7ZDONAgIOsFMCZz3172zEWBhYc=,DqbNjmnEwTNQwKL6Z/dIaYpxstU=
19,-322,e7ZDONAgIOsFMCZz3172zEWBhYc=,DqbNjmnEwTNQwKL6Z/dIaYpxstU=
20,-322,e7ZDONAgIOsFMCZz3172zEWBhYc=,DqbNjmnEwTNQwKL6Z/dIaYpxstU=
17,-335,e7ZDONAgIOsFMCZz3172zEWBhYc=,DqbNjmnEwTNQwKL6Z/dIaYpxstU=
18,-322,e7ZDONAgIOsFMCZz3172zEWBhYc=,DqbNjmnEwTNQwKL6Z/dIaYpxstU=
25,-333,e7ZDONAgIOsFMCZz3172zEWBhYc=,DqbNjmnEwTNQwKL6Z/dIaYpxstU=
21,-322,e7ZDONAgIOsFMCZz3172zEWBhYc=,DqbNjmnEwTNQwKL6Z/dIaYpxstU=
17,-322,e7ZDONAgIOsFMCZz3172zEWBhYc=,DqbNjmnEwTNQwKL6Z/dIaYpxstU=
16,-335,e7ZDONAgIOsFMCZz3172zEWBhYc=,DqbNjmnEwTNQwKL6Z/dIaYpxstU=
17,-336,e7ZDONAgIOsFMCZz3172zEWBhYc=,DqbNjmnEwTNQwKL6Z/dIaYpxstU=
16,-322,e7ZDONAgIOsFMCZz3172zEWBhYc=,DqbNjmnEwTNQwKL6Z/dIaYpxstU=
28,-323,e7ZDONAgIOsFMCZz3172zEWBhYc=,DqbNjmnEwTNQwKL6Z/dIaYpxstU=
29,-323,e7ZDONAgIOsFMCZz3172zEWBhYc=,DqbNjmnEwTNQwKL6Z/dIaYpxstU=
16,-321,e7ZDONAgIOsFMCZz3172zEWBhYc=,DqbNjmnEwTNQwKL6Z/dIaYpxstU=
27,-323,e7ZDONAgIOsFMCZz3172zEWBhYc=,DqbNjmnEwTNQwKL6Z/dIaYpxstU=
25,-323,e7ZDONAgIOsFMCZz3172zEWBhYc=,DqbNjmnEwTNQwKL6Z/dIaYpxstU=
26,-323,e7ZDONAgIOsFMCZz3172zEWBhYc=,DqbNjmnEwTNQwKL6Z/dIaYpxstU=
30,-323,e7ZDONAgIOsFMCZz3172zEWBhYc=,DqbNjmnEwTNQwKL6Z/dIaYpxstU=
24,-323,e7ZDONAgIOsFMCZz3172zEWBhYc=,DqbNjmnEwTNQwKL6Z/dIaYpxstU=
22,-323,e7ZDONAgIOsFMCZz3172zEWBhYc=,DqbNjmnEwTNQwKL6Z/dIaYpxstU=
23,-323,e7ZDONAgIOsFMCZz3172zEWBhYc=,DqbNjmnEwTNQwKL6Z/dIaYpxstU=
29,-335,e7ZDONAgIOsFMCZz3172zEWBhYc=,DqbNjmnEwTNQwKL6Z/dIaYpxstU=
20,-323,e7ZDONAgIOsFMCZz3172zEWBhYc=,DqbNjmnEwTNQwKL6Z/dIaYpxstU=
24,-333,e7ZDONAgIOsFMCZz3172zEWBhYc=,DqbNjmnEwTNQwKL6Z/dIaYpxstU=
18,-323,e7ZDONAgIOsFMCZz3172zEWBhYc=,DqbNjmnEwTNQwKL6Z/dIaYpxstU=
17,-323,e7ZDONAgIOsFMCZz3172zEWBhYc=,DqbNjmnEwTNQwKL6Z/dIaYpxstU=
21,-323,e7ZDONAgIOsFMCZz3172zEWBhYc=,DqbNjmnEwTNQwKL6Z/dIaYpxstU=
19,-323,e7ZDONAgIOsFMCZz3172zEWBhYc=,DqbNjmnEwTNQwKL6Z/dIaYpxstU=
16,-323,e7ZDONAgIOsFMCZz3172zEWBhYc=,DqbNjmnEwTNQwKL6Z/dIaYpxstU=
29,-324,e7ZDONAgIOsFMCZz3172zEWBhYc=,DqbNjmnEwTNQwKL6Z/dIaYpxstU=
28,-335,e7ZDONAgIOsFMCZz3172zEWBhYc=,DqbNjmnEwTNQwKL6Z/dIaYpxstU=
28,-324,e7ZDONAgIOsFMCZz3172zEWBhYc=,DqbNjmnEwTNQwKL6Z/dIaYpxstU=
27,-324,e7ZDONAgIOsFMCZz3172zEWBhYc=,DqbNjmnEwTNQwKL6Z/dIaYpxstU=
30,-324,e7ZDONAgIOsFMCZz3172zEWBhYc=,DqbNjmnEwTNQwKL6Z/dIaYpxstU=
26,-324,e7ZDONAgIOsFMCZz3172zEWBhYc=,DqbNjmnEwTNQwKL6Z/dIaYpxstU=
24,-324,e7ZDONAgIOsFMCZz3172zEWBhYc=,DqbNjmnEwTNQwKL6Z/dIaYpxstU=
25,-324,e7ZDONAgIOsFMCZz3172zEWBhYc=,DqbNjmnEwTNQwKL6Z/dIaYpxstU=
23,-324,e7ZDONAgIOsFMCZz3172zEWBhYc=,DqbNjmnEwTNQwKL6Z/dIaYpxstU=
22,-324,e7ZDONAgIOsFMCZz3172zEWBhYc=,DqbNjmnEwTNQwKL6Z/dIaYpxstU=
21,-324,e7ZDONAgIOsFMCZz3172zEWBhYc=,DqbNjmnEwTNQwKL6Z/dIaYpxstU=
20,-324,e7ZDONAgIOsFMCZz3172zEWBhYc=,DqbNjmnEwTNQwKL6Z/dIaYpxstU=
23,-333,e7ZDONAgIOsFMCZz3172zEWBhYc=,DqbNjmnEwTNQwKL6Z/dIaYpxstU=
30,-336,e7ZDONAgIOsFMCZz3172zEWBhYc=,DqbNjmnEwTNQwKL6Z/dIaYpxstU=
18,-324,e7ZDONAgIOsFMCZz3172zEWBhYc=,DqbNjmnEwTNQwKL6Z/dIaYpxstU=
19,-324,e7ZDONAgIOsFMCZz3172zEWBhYc=,DqbNjmnEwTNQwKL6Z/dIaYpxstU=
16,-324,e7ZDONAgIOsFMCZz3172zEWBhYc=,DqbNjmnEwTNQwKL6Z/dIaYpxstU=
29,-325,e7ZDONAgIOsFMCZz3172zEWBhYc=,DqbNjmnEwTNQwKL6Z/dIaYpxstU=
27,-325,e7ZDONAgIOsFMCZz3172zEWBhYc=,DqbNjmnEwTNQwKL6Z/dIaYpxstU=
27,-335,e7ZDONAgIOsFMCZz3172zEWBhYc=,DqbNjmnEwTNQwKL6Z/dIaYpxstU=
30,-325,e7ZDONAgIOsFMCZz3172zEWBhYc=,DqbNjmnEwTNQwKL6Z/dIaYpxstU=
28,-325,e7ZDONAgIOsFMCZz3172zEWBhYc=,DqbNjmnEwTNQwKL6Z/dIaYpxstU=
25,-325,e7ZDONAgIOsFMCZz3172zEWBhYc=,DqbNjmnEwTNQwKL6Z/dIaYpxstU=
26,-325,e7ZDONAgIOsFMCZz3172zEWBhYc=,DqbNjmnEwTNQwKL6Z/dIaYpxstU=
23,-325,e7ZDONAgIOsFMCZz3172zEWBhYc=,DqbNjmnEwTNQwKL6Z/dIaYpxstU=
17,-324,e7ZDONAgIOsFMCZz3172zEWBhYc=,DqbNjmnEwTNQwKL6Z/dIaYpxstU=
21,-325,e7ZDONAgIOsFMCZz3172zEWBhYc=,DqbNjmnEwTNQwKL6Z/dIaYpxstU=
22,-325,e7ZDONAgIOsFMCZz3172zEWBhYc=,DqbNjmnEwTNQwKL6Z/dIaYpxstU=
29,-336,e7ZDONAgIOsFMCZz3172zEWBhYc=,DqbNjmnEwTNQwKL6Z/dIaYpxstU=
24,-325,e7ZDONAgIOsFMCZz3172zEWBhYc=,DqbNjmnEwTNQwKL6Z/dIaYpxstU=
20,-325,e7ZDONAgIOsFMCZz3172zEWBhYc=,DqbNjmnEwTNQwKL6Z/dIaYpxstU=
19,-325,e7ZDONAgIOsFMCZz3172zEWBhYc=,DqbNjmnEwTNQwKL6Z/dIaYpxstU=
18,-325,e7ZDONAgIOsFMCZz3172zEWBhYc=,DqbNjmnEwTNQwKL6Z/dIaYpxstU=
17,-325,e7ZDONAgIOsFMCZz3172zEWBhYc=,DqbNjmnEwTNQwKL6Z/dIaYpxstU=
16,-325,e7ZDONAgIOsFMCZz3172zEWBhYc=,DqbNjmnEwTNQwKL6Z/dIaYpxstU=
26,-335,e7ZDONAgIOsFMCZz3172zEWBhYc=,DqbNjmnEwTNQwKL6Z/dIaYpxstU=
22,-333,e7ZDONAgIOsFMCZz3172zEWBhYc=,DqbNjmnEwTNQwKL6Z/dIaYpxstU=
29,-326,e7ZDONAgIOsFMCZz3172zEWBhYc=,DqbNjmnEwTNQwKL6Z/dIaYpxstU=
30,-326,e7ZDONAgIOsFMCZz3172zEWBhYc=,DqbNjmnEwTNQwKL6Z/dIaYpxstU=
28,-326,e7ZDONAgIOsFMCZz3172zEWBhYc=,DqbNjmnEwTNQwKL6Z/dIaYpxstU=
27,-326,e7ZDONAgIOsFMCZz3172zEWBhYc=,DqbNjmnEwTNQwKL6Z/dIaYpxstU=
26,-326,e7ZDONAgIOsFMCZz3172zEWBhYc=,DqbNjmnEwTNQwKL6Z/dIaYpxstU=
24,-326,e7ZDONAgIOsFMCZz3172zEWBhYc=,DqbNjmnEwTNQwKL6Z/dIaYpxstU=
25,-326,e7ZDONAgIOsFMCZz3172zEWBhYc=,DqbNjmnEwTNQwKL6Z/dIaYpxstU=
23,-326,e7ZDONAgIOsFMCZz3172zEWBhYc=,DqbNjmnEwTNQwKL6Z/dIaYpxstU=
22,-326,e7ZDONAgIOsFMCZz3172zEWBhYc=,DqbNjmnEwTNQwKL6Z/dIaYpxstU=
21,-333,e7ZDONAgIOsFMCZz3172zEWBhYc=,DqbNjmnEwTNQwKL6Z/dIaYpxstU=
28,-336,e7ZDONAgIOsFMCZz3172zEWBhYc=,DqbNjmnEwTNQwKL6Z/dIaYpxstU=
19,-326,e7ZDONAgIOsFMCZz3172zEWBhYc=,DqbNjmnEwTNQwKL6Z/dIaYpxstU=
21,-326,e7ZDONAgIOsFMCZz3172zEWBhYc=,DqbNjmnEwTNQwKL6Z/dIaYpxstU=
20,-326,e7ZDONAgIOsFMCZz3172zEWBhYc=,DqbNjmnEwTNQwKL6Z/dIaYpxstU=
17,-326,e7ZDONAgIOsFMCZz3172zEWBhYc=,DqbNjmnEwTNQwKL6Z/dIaYpxstU=
16,-326,e7ZDONAgIOsFMCZz3172zEWBhYc=,DqbNjmnEwTNQwKL6Z/dIaYpxstU=
25,-335,e7ZDONAgIOsFMCZz3172zEWBhYc=,DqbNjmnEwTNQwKL6Z/dIaYpxstU=
29,-327,e7ZDONAgIOsFMCZz3172zEWBhYc=,DqbNjmnEwTNQwKL6Z/dIaYpxstU=
27,-327,e7ZDONAgIOsFMCZz3172zEWBhYc=,DqbNjmnEwTNQwKL6Z/dIaYpxstU=
28,-327,e7ZDONAgIOsFMCZz3172zEWBhYc=,DqbNjmnEwTNQwKL6Z/dIaYpxstU=
30,-327,e7ZDONAgIOsFMCZz3172zEWBhYc=,DqbNjmnEwTNQwKL6Z/dIaYpxstU=
18,-326,e7ZDONAgIOsFMCZz3172zEWBhYc=,DqbNjmnEwTNQwKL6Z/dIaYpxstU=
23,-327,e7ZDONAgIOsFMCZz3172zEWBhYc=,DqbNjmnEwTNQwKL6Z/dIaYpxstU=
24,-327,e7ZDONAgIOsFMCZz3172zEWBhYc=,DqbNjmnEwTNQwKL6Z/dIaYpxstU=
22,-327,e7ZDONAgIOsFMCZz3172zEWBhYc=,DqbNjmnEwTNQwKL6Z/dIaYpxstU=
20,-333,e7ZDONAgIOsFMCZz3172zEWBhYc=,DqbNjmnEwTNQwKL6Z/dIaYpxstU=
20,-327,e7ZDONAgIOsFMCZz3172zEWBhYc=,DqbNjmnEwTNQwKL6Z/dIaYpxstU=
21,-327,e7ZDONAgIOsFMCZz3172zEWBhYc=,DqbNjmnEwTNQwKL6Z/dIaYpxstU=
19,-327,e7ZDONAgIOsFMCZz3172zEWBhYc=,DqbNjmnEwTNQwKL6Z/dIaYpxstU=
27,-336,e7ZDONAgIOsFMCZz3172zEWBhYc=,DqbNjmnEwTNQwKL6Z/dIaYpxstU=
17,-327,e7ZDONAgIOsFMCZz3172zEWBhYc=,DqbNjmnEwTNQwKL6Z/dIaYpxstU=
18,-327,e7ZDONAgIOsFMCZz3172zEWBhYc=,DqbNjmnEwTNQwKL6Z/dIaYpxstU=
16,-327,e7ZDONAgIOsFMCZz3172zEWBhYc=,DqbNjmnEwTNQwKL6Z/dIaYpxstU=
24,-335,e7ZDONAgIOsFMCZz3172zEWBhYc=,DqbNjmnEwTNQwKL6Z/dIaYpxstU=
25,-327,e7ZDONAgIOsFMCZz3172zEWBhYc=,DqbNjmnEwTNQwKL6Z/dIaYpxstU=
30,-328,e7ZDONAgIOsFMCZz3172zEWBhYc=,DqbNjmnEwTNQwKL6Z/dIaYpxstU=
28,-328,e7ZDONAgIOsFMCZz3172zEWBhYc=,DqbNjmnEwTNQwKL6Z/dIaYpxstU=
29,-328,e7ZDONAgIOsFMCZz3172zEWBhYc=,DqbNjmnEwTNQwKL6Z/dIaYpxstU=
26,-328,e7ZDONAgIOsFMCZz3172zEWBhYc=,DqbNjmnEwTNQwKL6Z/dIaYpxstU=
27,-328,e7ZDONAgIOsFMCZz3172zEWBhYc=,DqbNjmnEwTNQwKL6Z/dIaYpxstU=
25,-328,e7ZDONAgIOsFMCZz3172zEWBhYc=,DqbNjmnEwTNQwKL6Z/dIaYpxstU=
26,-327,e7ZDONAgIOsFMCZz3172zEWBhYc=,DqbNjmnEwTNQwKL6Z/dIaYpxstU=
26,-336,e7ZDONAgIOsFMCZz3172zEWBhYc=,DqbNjmnEwTNQwKL6Z/dIaYpxstU=
23,-328,e7ZDONAgIOsFMCZz3172zEWBhYc=,DqbNjmnEwTNQwKL6Z/dIaYpxstU=
19,-333,e7ZDONAgIOsFMCZz3172zEWBhYc=,DqbNjmnEwTNQwKL6Z/dIaYpxstU=
22,-328,e7ZDONAgIOsFMCZz3172zEWBhYc=,DqbNjmnEwTNQwKL6Z/dIaYpxstU=
21,-328,e7ZDONAgIOsFMCZz3172zEWBhYc=,DqbNjmnEwTNQwKL6Z/dIaYpxstU=
24,-328,e7ZDONAgIOsFMCZz3172zEWBhYc=,DqbNjmnEwTNQwKL6Z/dIaYpxstU=
19,-328,e7ZDONAgIOsFMCZz3172zEWBhYc=,DqbNjmnEwTNQwKL6Z/dIaYpxstU=
18,-328,e7ZDONAgIOsFMCZz3172zEWBhYc=,DqbNjmnEwTNQwKL6Z/dIaYpxstU=
17,-328,e7ZDONAgIOsFMCZz3172zEWBhYc=,DqbNjmnEwTNQwKL6Z/dIaYpxstU=
20,-328,e7ZDONAgIOsFMCZz3172zEWBhYc=,DqbNjmnEwTNQwKL6Z/dIaYpxstU=
16,-328,e7ZDONAgIOsFMCZz3172zEWBhYc=,DqbNjmnEwTNQwKL6Z/dIaYpxstU=
23,-335,e7ZDONAgIOsFMCZz3172zEWBhYc=,DqbNjmnEwTNQwKL6Z/dIaYpxstU=
30,-329,e7ZDONAgIOsFMCZz3172zEWBhYc=,DqbNjmnEwTNQwKL6Z/dIaYpxstU=
29,-329,e7ZDONAgIOsFMCZz3172zEWBhYc=,DqbNjmnEwTNQwKL6Z/dIaYpxstU=
28,-329,e7ZDONAgIOsFMCZz3172zEWBhYc=,DqbNjmnEwTNQwKL6Z/dIaYpxstU=
27,-329,e7ZDONAgIOsFMCZz3172zEWBhYc=,DqbNjmnEwTNQwKL6Z/dIaYpxstU=
26,-329,e7ZDONAgIOsFMCZz3172zEWBhYc=,DqbNjmnEwTNQwKL6Z/dIaYpxstU=
25,-329,e7ZDONAgIOsFMCZz3172zEWBhYc=,DqbNjmnEwTNQwKL6Z/dIaYpxstU=
25,-336,e7ZDONAgIOsFMCZz3172zEWBhYc=,DqbNjmnEwTNQwKL6Z/dIaYpxstU=
18,-333,e7ZDONAgIOsFMCZz3172zEWBhYc=,DqbNjmnEwTNQwKL6Z/dIaYpxstU=
24,-329,e7ZDONAgIOsFMCZz3172zEWBhYc=,DqbNjmnEwTNQwKL6Z/dIaYpxstU=
23,-329,e7ZDONAgIOsFMCZz3172zEWBhYc=,DqbNjmnEwTNQwKL6Z/dIaYpxstU=
20,-329,e7ZDONAgIOsFMCZz3172zEWBhYc=,DqbNjmnEwTNQwKL6Z/dIaYpxstU=
21,-329,e7ZDONAgIOsFMCZz3172zEWBhYc=,DqbNjmnEwTNQwKL6Z/dIaYpxstU=
22,-329,e7ZDONAgIOsFMCZz3172zEWBhYc=,DqbNjmnEwTNQwKL6Z/dIaYpxstU=
19,-329,e7ZDONAgIOsFMCZz3172zEWBhYc=,DqbNjmnEwTNQwKL6Z/dIaYpxstU=
17,-329,e7ZDONAgIOsFMCZz3172zEWBhYc=,DqbNjmnEwTNQwKL6Z/dIaYpxstU=
18,-329,e7ZDONAgIOsFMCZz3172zEWBhYc=,DqbNjmnEwTNQwKL6Z/dIaYpxstU=
16,-329,e7ZDONAgIOsFMCZz3172zEWBhYc=,DqbNjmnEwTNQwKL6Z/dIaYpxstU=
30,-330,e7ZDONAgIOsFMCZz3172zEWBhYc=,DqbNjmnEwTNQwKL6Z/dIaYpxstU=
22,-335,e7ZDONAgIOsFMCZz3172zEWBhYc=,DqbNjmnEwTNQwKL6Z/dIaYpxstU=
29,-330,e7ZDONAgIOsFMCZz3172zEWBhYc=,DqbNjmnEwTNQwKL6Z/dIaYpxstU=
28,-330,e7ZDONAgIOsFMCZz3172zEWBhYc=,DqbNjmnEwTNQwKL6Z/dIaYpxstU=
27,-330,e7ZDONAgIOsFMCZz3172zEWBhYc=,DqbNjmnEwTNQwKL6Z/dIaYpxstU=
26,-330,e7ZDONAgIOsFMCZz3172zEWBhYc=,DqbNjmnEwTNQwKL6Z/dIaYpxstU=
17,-333,e7ZDONAgIOsFMCZz3172zEWBhYc=,DqbNjmnEwTNQwKL6Z/dIaYpxstU=
24,-336,e7ZDONAgIOsFMCZz3172zEWBhYc=,DqbNjmnEwTNQwKL6Z/dIaYpxstU=
25,-330,e7ZDONAgIOsFMCZz3172zEWBhYc=,DqbNjmnEwTNQwKL6Z/dIaYpxstU=
24,-330,e7ZDONAgIOsFMCZz3172zEWBhYc=,DqbNjmnEwTNQwKL6Z/dIaYpxstU=
23,-330,e7ZDONAgIOsFMCZz3172zEWBhYc=,DqbNjmnEwTNQwKL6Z/dIaYpxstU=
22,-330,e7ZDONAgIOsFMCZz3172zEWBhYc=,DqbNjmnEwTNQwKL6Z/dIaYpxstU=
20,-330,e7ZDONAgIOsFMCZz3172zEWBhYc=,DqbNjmnEwTNQwKL6Z/dIaYpxstU=
21,-330,e7ZDONAgIOsFMCZz3172zEWBhYc=,DqbNjmnEwTNQwKL6Z/dIaYpxstU=
19,-330,e7ZDONAgIOsFMCZz3172zEWBhYc=,DqbNjmnEwTNQwKL6Z/dIaYpxstU=
18,-330,e7ZDONAgIOsFMCZz3172zEWBhYc=,DqbNjmnEwTNQwKL6Z/dIaYpxstU=
17,-330,e7ZDONAgIOsFMCZz3172zEWBhYc=,DqbNjmnEwTNQwKL6Z/dIaYpxstU=
16,-330,e7ZDONAgIOsFMCZz3172zEWBhYc=,DqbNjmnEwTNQwKL6Z/dIaYpxstU=
21,-335,e7ZDONAgIOsFMCZz3172zEWBhYc=,DqbNjmnEwTNQwKL6Z/dIaYpxstU=
30,-331,e7ZDONAgIOsFMCZz3172zEWBhYc=,DqbNjmnEwTNQwKL6Z/dIaYpxstU=
27,-331,e7ZDONAgIOsFMCZz3172zEWBhYc=,DqbNjmnEwTNQwKL6Z/dIaYpxstU=
28,-331,e7ZDONAgIOsFMCZz3172zEWBhYc=,DqbNjmnEwTNQwKL6Z/dIaYpxstU=
29,-331,e7ZDONAgIOsFMCZz3172zEWBhYc=,DqbNjmnEwTNQwKL6Z/dIaYpxstU=
23,-336,e7ZDONAgIOsFMCZz3172zEWBhYc=,DqbNjmnEwTNQwKL6Z/dIaYpxstU=
16,-333,e7ZDONAgIOsFMCZz3172zEWBhYc=,DqbNjmnEwTNQwKL6Z/dIaYpxstU=
20,-335,e7ZDONAgIOsFMCZz3172zEWBhYc=,DqbNjmnEwTNQwKL6Z/dIaYpxstU=
25,-331,e7ZDONAgIOsFMCZz3172zEWBhYc=,DqbNjmnEwTNQwKL6Z/dIaYpxstU=
26,-331,e7ZDONAgIOsFMCZz3172zEWBhYc=,DqbNjmnEwTNQwKL6Z/dIaYpxstU=
24,-331,e7ZDONAgIOsFMCZz3172zEWBhYc=,DqbNjmnEwTNQwKL6Z/dIaYpxstU=
23,-331,e7ZDONAgIOsFMCZz3172zEWBhYc=,DqbNjmnEwTNQwKL6Z/dIaYpxstU=
22,-331,e7ZDONAgIOsFMCZz3172zEWBhYc=,DqbNjmnEwTNQwKL6Z/dIaYpxstU=
20,-331,e7ZDONAgIOsFMCZz3172zEWBhYc=,DqbNjmnEwTNQwKL6Z/dIaYpxstU=
21,-331,e7ZDONAgIOsFMCZz3172zEWBhYc=,DqbNjmnEwTNQwKL6Z/dIaYpxstU=
19,-331,e7ZDONAgIOsFMCZz3172zEWBhYc=,DqbNjmnEwTNQwKL6Z/dIaYpxstU=
18,-331,e7ZDONAgIOsFMCZz3172zEWBhYc=,DqbNjmnEwTNQwKL6Z/dIaYpxstU=
16,-331,e7ZDONAgIOsFMCZz3172zEWBhYc=,DqbNjmnEwTNQwKL6Z/dIaYpxstU=
17,-331,e7ZDONAgIOsFMCZz3172zEWBhYc=,DqbNjmnEwTNQwKL6Z/dIaYpxstU=
19,-335,e7ZDONAgIOsFMCZz3172zEWBhYc=,DqbNjmnEwTNQwKL6Z/dIaYpxstU=
30,-332,e7ZDONAgIOsFMCZz3172zEWBhYc=,DqbNjmnEwTNQwKL6Z/dIaYpxstU=
28,-332,e7ZDONAgIOsFMCZz3172zEWBhYc=,DqbNjmnEwTNQwKL6Z/dIaYpxstU=
29,-332,e7ZDONAgIOsFMCZz3172zEWBhYc=,DqbNjmnEwTNQwKL6Z/dIaYpxstU=
22,-336,e7ZDONAgIOsFMCZz3172zEWBhYc=,DqbNjmnEwTNQwKL6Z/dIaYpxstU=
27,-332,e7ZDONAgIOsFMCZz3172zEWBhYc=,DqbNjmnEwTNQwKL6Z/dIaYpxstU=
25,-332,e7ZDONAgIOsFMCZz3172zEWBhYc=,DqbNjmnEwTNQwKL6Z/dIaYpxstU=
26,-332,e7ZDONAgIOsFMCZz3172zEWBhYc=,DqbNjmnEwTNQwKL6Z/dIaYpxstU=
24,-332,e7ZDONAgIOsFMCZz3172zEWBhYc=,DqbNjmnEwTNQwKL6Z/dIaYpxstU=
22,-332,e7ZDONAgIOsFMCZz3172zEWBhYc=,DqbNjmnEwTNQwKL6Z/dIaYpxstU=
23,-332,e7ZDONAgIOsFMCZz3172zEWBhYc=,DqbNjmnEwTNQwKL6Z/dIaYpxstU=
21,-332,e7ZDONAgIOsFMCZz3172zEWBhYc=,DqbNjmnEwTNQwKL6Z/dIaYpxstU=
19,-332,e7ZDONAgIOsFMCZz3172zEWBhYc=,DqbNjmnEwTNQwKL6Z/dIaYpxstU=
20,-332,e7ZDONAgIOsFMCZz3172zEWBhYc=,DqbNjmnEwTNQwKL6Z/dIaYpxstU=
17,-332,e7ZDONAgIOsFMCZz3172zEWBhYc=,DqbNjmnEwTNQwKL6Z/dIaYpxstU=
18,-332,e7ZDONAgIOsFMCZz3172zEWBhYc=,DqbNjmnEwTNQwKL6Z/dIaYpxstU=
18,-335,e7ZDONAgIOsFMCZz3172zEWBhYc=,DqbNjmnEwTNQwKL6Z/dIaYpxstU=
21,-336,e7ZDONAgIOsFMCZz3172zEWBhYc=,DqbNjmnEwTNQwKL6Z/dIaYpxstU=
16,-332,e7ZDONAgIOsFMCZz3172zEWBhYc=,DqbNjmnEwTNQwKL6Z/dIaYpxstU=
30,-333,e7ZDONAgIOsFMCZz3172zEWBhYc=,DqbNjmnEwTNQwKL6Z/dIaYpxstU=
29,-333,e7ZDONAgIOsFMCZz3172zEWBhYc=,DqbNjmnEwTNQwKL6Z/dIaYpxstU=
31,-322,e7ZDONAgIOsFMCZz3172zEWBhYc=,DqbNjmnEwTNQwKL6Z/dIaYpxstU=
16,-336,e7ZDONAgIOsFMCZz3172zEWBhYc=,DqbNjmnEwTNQwKL6Z/dIaYpxstU=
20,-336,e7ZDONAgIOsFMCZz3172zEWBhYc=,DqbNjmnEwTNQwKL6Z/dIaYpxstU=
31,-330,e7ZDONAgIOsFMCZz3172zEWBhYc=,DqbNjmnEwTNQwKL6Z/dIaYpxstU=
30,-334,e7ZDONAgIOsFMCZz3172zEWBhYc=,DqbNjmnEwTNQwKL6Z/dIaYpxstU=
31,-336,e7ZDONAgIOsFMCZz3172zEWBhYc=,DqbNjmnEwTNQwKL6Z/dIaYpxstU=
31,-335,e7ZDONAgIOsFMCZz3172zEWBhYc=,DqbNjmnEwTNQwKL6Z/dIaYpxstU=
31,-321,e7ZDONAgIOsFMCZz3172zEWBhYc=,DqbNjmnEwTNQwKL6Z/dIaYpxstU=
31,-326,e7ZDONAgIOsFMCZz3172zEWBhYc=,DqbNjmnEwTNQwKL6Z/dIaYpxstU=
31,-325,e7ZDONAgIOsFMCZz3172zEWBhYc=,DqbNjmnEwTNQwKL6Z/dIaYpxstU=
31,-331,e7ZDONAgIOsFMCZz3172zEWBhYc=,DqbNjmnEwTNQwKL6Z/dIaYpxstU=
31,-327,e7ZDONAgIOsFMCZz3172zEWBhYc=,DqbNjmnEwTNQwKL6Z/dIaYpxstU=
31,-328,e7ZDONAgIOsFMCZz3172zEWBhYc=,DqbNjmnEwTNQwKL6Z/dIaYpxstU=
31,-332,e7ZDONAgIOsFMCZz3172zEWBhYc=,DqbNjmnEwTNQwKL6Z/dIaYpxstU=
31,-329,e7ZDONAgIOsFMCZz3172zEWBhYc=,DqbNjmnEwTNQwKL6Z/dIaYpxstU=
31,-324,e7ZDONAgIOsFMCZz3172zEWBhYc=,DqbNjmnEwTNQwKL6Z/dIaYpxstU=
31,-323,e7ZDONAgIOsFMCZz3172zEWBhYc=,DqbNjmnEwTNQwKL6Z/dIaYpxstU=
31,-334,e7ZDONAgIOsFMCZz3172zEWBhYc=,DqbNjmnEwTNQwKL6Z/dIaYpxstU=
31,-333,e7ZDONAgIOsFMCZz3172zEWBhYc=,DqbNjmnEwTNQwKL6Z/dIaYpxstU=
30,-350,ilXgIhCvS7M/HlutwPdORaaiMdg=,PFp+fDXLFo9fV0KCWH2S9qS4k6o=
30,-337,ilXgIhCvS7M/HlutwPdORaaiMdg=,PFp+fDXLFo9fV0KCWH2S9qS4k6o=
29,-337,ilXgIhCvS7M/HlutwPdORaaiMdg=,PFp+fDXLFo9fV0KCWH2S9qS4k6o=
19,-352,ilXgIhCvS7M/HlutwPdORaaiMdg=,PFp+fDXLFo9fV0KCWH2S9qS4k6o=
29,-350,ilXgIhCvS7M/HlutwPdORaaiMdg=,PFp+fDXLFo9fV0KCWH2S9qS4k6o=
28,-337,ilXgIhCvS7M/HlutwPdORaaiMdg=,PFp+fDXLFo9fV0KCWH2S9qS4k6o=
27,-337,ilXgIhCvS7M/HlutwPdORaaiMdg=,PFp+fDXLFo9fV0KCWH2S9qS4k6o=
24,-337,ilXgIhCvS7M/HlutwPdORaaiMdg=,PFp+fDXLFo9fV0KCWH2S9qS4k6o=
26,-337,ilXgIhCvS7M/HlutwPdORaaiMdg=,PFp+fDXLFo9fV0KCWH2S9qS4k6o=
23,-337,ilXgIhCvS7M/HlutwPdORaaiMdg=,PFp+fDXLFo9fV0KCWH2S9qS4k6o=
22,-337,ilXgIhCvS7M/HlutwPdORaaiMdg=,PFp+fDXLFo9fV0KCWH2S9qS4k6o=
21,-337,ilXgIhCvS7M/HlutwPdORaaiMdg=,PFp+fDXLFo9fV0KCWH2S9qS4k6o=
20,-337,ilXgIhCvS7M/HlutwPdORaaiMdg=,PFp+fDXLFo9fV0KCWH2S9qS4k6o=
25,-337,ilXgIhCvS7M/HlutwPdORaaiMdg=,PFp+fDXLFo9fV0KCWH2S9qS4k6o=
17,-337,ilXgIhCvS7M/HlutwPdORaaiMdg=,PFp+fDXLFo9fV0KCWH2S9qS4k6o=
18,-337,ilXgIhCvS7M/HlutwPdORaaiMdg=,PFp+fDXLFo9fV0KCWH2S9qS4k6o=
19,-337,ilXgIhCvS7M/HlutwPdORaaiMdg=,PFp+fDXLFo9fV0KCWH2S9qS4k6o=
28,-351,ilXgIhCvS7M/HlutwPdORaaiMdg=,PFp+fDXLFo9fV0KCWH2S9qS4k6o=
30,-351,ilXgIhCvS7M/HlutwPdORaaiMdg=,PFp+fDXLFo9fV0KCWH2S9qS4k6o=
29,-351,ilXgIhCvS7M/HlutwPdORaaiMdg=,PFp+fDXLFo9fV0KCWH2S9qS4k6o=
25,-351,ilXgIhCvS7M/HlutwPdORaaiMdg=,PFp+fDXLFo9fV0KCWH2S9qS4k6o=
26,-351,ilXgIhCvS7M/HlutwPdORaaiMdg=,PFp+fDXLFo9fV0KCWH2S9qS4k6o=
27,-351,ilXgIhCvS7M/HlutwPdORaaiMdg=,PFp+fDXLFo9fV0KCWH2S9qS4k6o=
17,-351,ilXgIhCvS7M/HlutwPdORaaiMdg=,PFp+fDXLFo9fV0KCWH2S9qS4k6o=
23,-351,ilXgIhCvS7M/HlutwPdORaaiMdg=,PFp+fDXLFo9fV0KCWH2S9qS4k6o=
24,-351,ilXgIhCvS7M/HlutwPdORaaiMdg=,PFp+fDXLFo9fV0KCWH2S9qS4k6o=
20,-351,ilXgIhCvS7M/HlutwPdORaaiMdg=,PFp+fDXLFo9fV0KCWH2S9qS4k6o=
22,-351,ilXgIhCvS7M/HlutwPdORaaiMdg=,PFp+fDXLFo9fV0KCWH2S9qS4k6o=
18,-351,ilXgIhCvS7M/HlutwPdORaaiMdg=,PFp+fDXLFo9fV0KCWH2S9qS4k6o=
19,-351,ilXgIhCvS7M/HlutwPdORaaiMdg=,PFp+fDXLFo9fV0KCWH2S9qS4k6o=
16,-337,ilXgIhCvS7M/HlutwPdORaaiMdg=,PFp+fDXLFo9fV0KCWH2S9qS4k6o=
30,-338,ilXgIhCvS7M/HlutwPdORaaiMdg=,PFp+fDXLFo9fV0KCWH2S9qS4k6o=
18,-352,ilXgIhCvS7M/HlutwPdORaaiMdg=,PFp+fDXLFo9fV0KCWH2S9qS4k6o=
28,-350,ilXgIhCvS7M/HlutwPdORaaiMdg=,PFp+fDXLFo9fV0KCWH2S9qS4k6o=
29,-338,ilXgIhCvS7M/HlutwPdORaaiMdg=,PFp+fDXLFo9fV0KCWH2S9qS4k6o=
28,-338,ilXgIhCvS7M/HlutwPdORaaiMdg=,PFp+fDXLFo9fV0KCWH2S9qS4k6o=
27,-338,ilXgIhCvS7M/HlutwPdORaaiMdg=,PFp+fDXLFo9fV0KCWH2S9qS4k6o=
26,-338,ilXgIhCvS7M/HlutwPdORaaiMdg=,PFp+fDXLFo9fV0KCWH2S9qS4k6o=
21,-351,ilXgIhCvS7M/HlutwPdORaaiMdg=,PFp+fDXLFo9fV0KCWH2S9qS4k6o=
25,-338,ilXgIhCvS7M/HlutwPdORaaiMdg=,PFp+fDXLFo9fV0KCWH2S9qS4k6o=
22,-338,ilXgIhCvS7M/HlutwPdORaaiMdg=,PFp+fDXLFo9fV0KCWH2S9qS4k6o=
24,-338,ilXgIhCvS7M/HlutwPdORaaiMdg=,PFp+fDXLFo9fV0KCWH2S9qS4k6o=
21,-338,ilXgIhCvS7M/HlutwPdORaaiMdg=,PFp+fDXLFo9fV0KCWH2S9qS4k6o=
20,-338,ilXgIhCvS7M/HlutwPdORaaiMdg=,PFp+fDXLFo9fV0KCWH2S9qS4k6o=
18,-338,ilXgIhCvS7M/HlutwPdORaaiMdg=,PFp+fDXLFo9fV0KCWH2S9qS4k6o=
19,-338,ilXgIhCvS7M/HlutwPdORaaiMdg=,PFp+fDXLFo9fV0KCWH2S9qS4k6o=
17,-338,ilXgIhCvS7M/HlutwPdORaaiMdg=,PFp+fDXLFo9fV0KCWH2S9qS4k6o=
30,-339,ilXgIhCvS7M/HlutwPdORaaiMdg=,PFp+fDXLFo9fV0KCWH2S9qS4k6o=
16,-338,ilXgIhCvS7M/HlutwPdORaaiMdg=,PFp+fDXLFo9fV0KCWH2S9qS4k6o=
23,-338,ilXgIhCvS7M/HlutwPdORaaiMdg=,PFp+fDXLFo9fV0KCWH2S9qS4k6o=
16,-351,ilXgIhCvS7M/HlutwPdORaaiMdg=,PFp+fDXLFo9fV0KCWH2S9qS4k6o=
29,-339,ilXgIhCvS7M/HlutwPdORaaiMdg=,PFp+fDXLFo9fV0KCWH2S9qS4k6o=
28,-339,ilXgIhCvS7M/HlutwPdORaaiMdg=,PFp+fDXLFo9fV0KCWH2S9qS4k6o=
27,-350,ilXgIhCvS7M/HlutwPdORaaiMdg=,PFp+fDXLFo9fV0KCWH2S9qS4k6o=
25,-339,ilXgIhCvS7M/HlutwPdORaaiMdg=,PFp+fDXLFo9fV0KCWH2S9qS4k6o=
27,-339,ilXgIhCvS7M/HlutwPdORaaiMdg=,PFp+fDXLFo9fV0KCWH2S9qS4k6o=
24,-339,ilXgIhCvS7M/HlutwPdORaaiMdg=,PFp+fDXLFo9fV0KCWH2S9qS4k6o=
22,-339,ilXgIhCvS7M/HlutwPdORaaiMdg=,PFp+fDXLFo9fV0KCWH2S9qS4k6o=
20,-339,ilXgIhCvS7M/HlutwPdORaaiMdg=,PFp+fDXLFo9fV0KCWH2S9qS4k6o=
21,-339,ilXgIhCvS7M/HlutwPdORaaiMdg=,PFp+fDXLFo9fV0KCWH2S9qS4k6o=
19,-339,ilXgIhCvS7M/HlutwPdORaaiMdg=,PFp+fDXLFo9fV0KCWH2S9qS4k6o=
18,-339,ilXgIhCvS7M/HlutwPdORaaiMdg=,PFp+fDXLFo9fV0KCWH2S9qS4k6o=
23,-339,ilXgIhCvS7M/HlutwPdORaaiMdg=,PFp+fDXLFo9fV0KCWH2S9qS4k6o=
16,-339,ilXgIhCvS7M/HlutwPdORaaiMdg=,PFp+fDXLFo9fV0KCWH2S9qS4k6o=
17,-339,ilXgIhCvS7M/HlutwPdORaaiMdg=,PFp+fDXLFo9fV0KCWH2S9qS4k6o=
30,-340,ilXgIhCvS7M/HlutwPdORaaiMdg=,PFp+fDXLFo9fV0KCWH2S9qS4k6o=
17,-352,ilXgIhCvS7M/HlutwPdORaaiMdg=,PFp+fDXLFo9fV0KCWH2S9qS4k6o=
26,-339,ilXgIhCvS7M/HlutwPdORaaiMdg=,PFp+fDXLFo9fV0KCWH2S9qS4k6o=
29,-340,ilXgIhCvS7M/HlutwPdORaaiMdg=,PFp+fDXLFo9fV0KCWH2S9qS4k6o=
26,-350,ilXgIhCvS7M/HlutwPdORaaiMdg=,PFp+fDXLFo9fV0KCWH2S9qS4k6o=
30,-352,ilXgIhCvS7M/HlutwPdORaaiMdg=,PFp+fDXLFo9fV0KCWH2S9qS4k6o=
27,-340,ilXgIhCvS7M/HlutwPdORaaiMdg=,PFp+fDXLFo9fV0KCWH2S9qS4k6o=
26,-340,ilXgIhCvS7M/HlutwPdORaaiMdg=,PFp+fDXLFo9fV0KCWH2S9qS4k6o=
24,-340,ilXgIhCvS7M/HlutwPdORaaiMdg=,PFp+fDXLFo9fV0KCWH2S9qS4k6o=
28,-340,ilXgIhCvS7M/HlutwPdORaaiMdg=,PFp+fDXLFo9fV0KCWH2S9qS4k6o=
23,-340,ilXgIhCvS7M/HlutwPdORaaiMdg=,PFp+fDXLFo9fV0KCWH2S9qS4k6o=
25,-340,ilXgIhCvS7M/HlutwPdORaaiMdg=,PFp+fDXLFo9fV0KCWH2S9qS4k6o=
22,-340,ilXgIhCvS7M/HlutwPdORaaiMdg=,PFp+fDXLFo9fV0KCWH2S9qS4k6o=
21,-340,ilXgIhCvS7M/HlutwPdORaaiMdg=,PFp+fDXLFo9fV0KCWH2S9qS4k6o=
19,-340,ilXgIhCvS7M/HlutwPdORaaiMdg=,PFp+fDXLFo9fV0KCWH2S9qS4k6o=
18,-340,ilXgIhCvS7M/HlutwPdORaaiMdg=,PFp+fDXLFo9fV0KCWH2S9qS4k6o=
16,-340,ilXgIhCvS7M/HlutwPdORaaiMdg=,PFp+fDXLFo9fV0KCWH2S9qS4k6o=
17,-340,ilXgIhCvS7M/HlutwPdORaaiMdg=,PFp+fDXLFo9fV0KCWH2S9qS4k6o=
30,-341,ilXgIhCvS7M/HlutwPdORaaiMdg=,PFp+fDXLFo9fV0KCWH2S9qS4k6o=
27,-341,ilXgIhCvS7M/HlutwPdORaaiMdg=,PFp+fDXLFo9fV0KCWH2S9qS4k6o=
28,-341,ilXgIhCvS7M/HlutwPdORaaiMdg=,PFp+fDXLFo9fV0KCWH2S9qS4k6o=
29,-352,ilXgIhCvS7M/HlutwPdORaaiMdg=,PFp+fDXLFo9fV0KCWH2S9qS4k6o=
29,-341,ilXgIhCvS7M/HlutwPdORaaiMdg=,PFp+fDXLFo9fV0KCWH2S9qS4k6o=
20,-340,ilXgIhCvS7M/HlutwPdORaaiMdg=,PFp+fDXLFo9fV0KCWH2S9qS4k6o=
25,-341,ilXgIhCvS7M/HlutwPdORaaiMdg=,PFp+fDXLFo9fV0KCWH2S9qS4k6o=
25,-350,ilXgIhCvS7M/HlutwPdORaaiMdg=,PFp+fDXLFo9fV0KCWH2S9qS4k6o=
26,-341,ilXgIhCvS7M/HlutwPdORaaiMdg=,PFp+fDXLFo9fV0KCWH2S9qS4k6o=
21,-341,ilXgIhCvS7M/HlutwPdORaaiMdg=,PFp+fDXLFo9fV0KCWH2S9qS4k6o=
24,-341,ilXgIhCvS7M/HlutwPdORaaiMdg=,PFp+fDXLFo9fV0KCWH2S9qS4k6o=
23,-341,ilXgIhCvS7M/HlutwPdORaaiMdg=,PFp+fDXLFo9fV0KCWH2S9qS4k6o=
20,-341,ilXgIhCvS7M/HlutwPdORaaiMdg=,PFp+fDXLFo9fV0KCWH2S9qS4k6o=
18,-341,ilXgIhCvS7M/HlutwPdORaaiMdg=,PFp+fDXLFo9fV0KCWH2S9qS4k6o=
19,-341,ilXgIhCvS7M/HlutwPdORaaiMdg=,PFp+fDXLFo9fV0KCWH2S9qS4k6o=
16,-341,ilXgIhCvS7M/HlutwPdORaaiMdg=,PFp+fDXLFo9fV0KCWH2S9qS4k6o=
17,-341,ilXgIhCvS7M/HlutwPdORaaiMdg=,PFp+fDXLFo9fV0KCWH2S9qS4k6o=
22,-341,ilXgIhCvS7M/HlutwPdORaaiMdg=,PFp+fDXLFo9fV0KCWH2S9qS4k6o=
30,-342,ilXgIhCvS7M/HlutwPdORaaiMdg=,PFp+fDXLFo9fV0KCWH2S9qS4k6o=
28,-342,ilXgIhCvS7M/HlutwPdORaaiMdg=,PFp+fDXLFo9fV0KCWH2S9qS4k6o=
28,-352,ilXgIhCvS7M/HlutwPdORaaiMdg=,PFp+fDXLFo9fV0KCWH2S9qS4k6o=
29,-342,ilXgIhCvS7M/HlutwPdORaaiMdg=,PFp+fDXLFo9fV0KCWH2S9qS4k6o=
26,-342,ilXgIhCvS7M/HlutwPdORaaiMdg=,PFp+fDXLFo9fV0KCWH2S9qS4k6o=
27,-342,ilXgIhCvS7M/HlutwPdORaaiMdg=,PFp+fDXLFo9fV0KCWH2S9qS4k6o=
24,-350,ilXgIhCvS7M/HlutwPdORaaiMdg=,PFp+fDXLFo9fV0KCWH2S9qS4k6o=
24,-342,ilXgIhCvS7M/HlutwPdORaaiMdg=,PFp+fDXLFo9fV0KCWH2S9qS4k6o=
23,-342,ilXgIhCvS7M/HlutwPdORaaiMdg=,PFp+fDXLFo9fV0KCWH2S9qS4k6o=
22,-342,ilXgIhCvS7M/HlutwPdORaaiMdg=,PFp+fDXLFo9fV0KCWH2S9qS4k6o=
19,-342,ilXgIhCvS7M/HlutwPdORaaiMdg=,PFp+fDXLFo9fV0KCWH2S9qS4k6o=
20,-342,ilXgIhCvS7M/HlutwPdORaaiMdg=,PFp+fDXLFo9fV0KCWH2S9qS4k6o=
18,-342,ilXgIhCvS7M/HlutwPdORaaiMdg=,PFp+fDXLFo9fV0KCWH2S9qS4k6o=
25,-342,ilXgIhCvS7M/HlutwPdORaaiMdg=,PFp+fDXLFo9fV0KCWH2S9qS4k6o=
21,-342,ilXgIhCvS7M/HlutwPdORaaiMdg=,PFp+fDXLFo9fV0KCWH2S9qS4k6o=
17,-342,ilXgIhCvS7M/HlutwPdORaaiMdg=,PFp+fDXLFo9fV0KCWH2S9qS4k6o=
16,-342,ilXgIhCvS7M/HlutwPdORaaiMdg=,PFp+fDXLFo9fV0KCWH2S9qS4k6o=
30,-343,ilXgIhCvS7M/HlutwPdORaaiMdg=,PFp+fDXLFo9fV0KCWH2S9qS4k6o=
29,-343,ilXgIhCvS7M/HlutwPdORaaiMdg=,PFp+fDXLFo9fV0KCWH2S9qS4k6o=
27,-343,ilXgIhCvS7M/HlutwPdORaaiMdg=,PFp+fDXLFo9fV0KCWH2S9qS4k6o=
28,-343,ilXgIhCvS7M/HlutwPdORaaiMdg=,PFp+fDXLFo9fV0KCWH2S9qS4k6o=
26,-343,ilXgIhCvS7M/HlutwPdORaaiMdg=,PFp+fDXLFo9fV0KCWH2S9qS4k6o=
27,-352,ilXgIhCvS7M/HlutwPdORaaiMdg=,PFp+fDXLFo9fV0KCWH2S9qS4k6o=
23,-343,ilXgIhCvS7M/HlutwPdORaaiMdg=,PFp+fDXLFo9fV0KCWH2S9qS4k6o=
23,-350,ilXgIhCvS7M/HlutwPdORaaiMdg=,PFp+fDXLFo9fV0KCWH2S9qS4k6o=
25,-343,ilXgIhCvS7M/HlutwPdORaaiMdg=,PFp+fDXLFo9fV0KCWH2S9qS4k6o=
24,-343,ilXgIhCvS7M/HlutwPdORaaiMdg=,PFp+fDXLFo9fV0KCWH2S9qS4k6o=
22,-343,ilXgIhCvS7M/HlutwPdORaaiMdg=,PFp+fDXLFo9fV0KCWH2S9qS4k6o=
20,-343,ilXgIhCvS7M/HlutwPdORaaiMdg=,PFp+fDXLFo9fV0KCWH2S9qS4k6o=
18,-343,ilXgIhCvS7M/HlutwPdORaaiMdg=,PFp+fDXLFo9fV0KCWH2S9qS4k6o=
19,-343,ilXgIhCvS7M/HlutwPdORaaiMdg=,PFp+fDXLFo9fV0KCWH2S9qS4k6o=
30,-344,ilXgIhCvS7M/HlutwPdORaaiMdg=,PFp+fDXLFo9fV0KCWH2S9qS4k6o=
16,-343,ilXgIhCvS7M/HlutwPdORaaiMdg=,PFp+fDXLFo9fV0KCWH2S9qS4k6o=
17,-343,ilXgIhCvS7M/HlutwPdORaaiMdg=,PFp+fDXLFo9fV0KCWH2S9qS4k6o=
29,-344,ilXgIhCvS7M/HlutwPdORaaiMdg=,PFp+fDXLFo9fV0KCWH2S9qS4k6o=
27,-344,ilXgIhCvS7M/HlutwPdORaaiMdg=,PFp+fDXLFo9fV0KCWH2S9qS4k6o=
28,-344,ilXgIhCvS7M/HlutwPdORaaiMdg=,PFp+fDXLFo9fV0KCWH2S9qS4k6o=
26,-344,ilXgIhCvS7M/HlutwPdORaaiMdg=,PFp+fDXLFo9fV0KCWH2S9qS4k6o=
25,-344,ilXgIhCvS7M/HlutwPdORaaiMdg=,PFp+fDXLFo9fV0KCWH2S9qS4k6o=
24,-344,ilXgIhCvS7M/HlutwPdORaaiMdg=,PFp+fDXLFo9fV0KCWH2S9qS4k6o=
21,-343,ilXgIhCvS7M/HlutwPdORaaiMdg=,PFp+fDXLFo9fV0KCWH2S9qS4k6o=
22,-350,ilXgIhCvS7M/HlutwPdORaaiMdg=,PFp+fDXLFo9fV0KCWH2S9qS4k6o=
26,-352,ilXgIhCvS7M/HlutwPdORaaiMdg=,PFp+fDXLFo9fV0KCWH2S9qS4k6o=
23,-344,ilXgIhCvS7M/HlutwPdORaaiMdg=,PFp+fDXLFo9fV0KCWH2S9qS4k6o=
22,-344,ilXgIhCvS7M/HlutwPdORaaiMdg=,PFp+fDXLFo9fV0KCWH2S9qS4k6o=
20,-344,ilXgIhCvS7M/HlutwPdORaaiMdg=,PFp+fDXLFo9fV0KCWH2S9qS4k6o=
21,-344,ilXgIhCvS7M/HlutwPdORaaiMdg=,PFp+fDXLFo9fV0KCWH2S9qS4k6o=
19,-344,ilXgIhCvS7M/HlutwPdORaaiMdg=,PFp+fDXLFo9fV0KCWH2S9qS4k6o=
18,-344,ilXgIhCvS7M/HlutwPdORaaiMdg=,PFp+fDXLFo9fV0KCWH2S9qS4k6o=
30,-345,ilXgIhCvS7M/HlutwPdORaaiMdg=,PFp+fDXLFo9fV0KCWH2S9qS4k6o=
16,-344,ilXgIhCvS7M/HlutwPdORaaiMdg=,PFp+fDXLFo9fV0KCWH2S9qS4k6o=
17,-344,ilXgIhCvS7M/HlutwPdORaaiMdg=,PFp+fDXLFo9fV0KCWH2S9qS4k6o=
29,-345,ilXgIhCvS7M/HlutwPdORaaiMdg=,PFp+fDXLFo9fV0KCWH2S9qS4k6o=
27,-345,ilXgIhCvS7M/HlutwPdORaaiMdg=,PFp+fDXLFo9fV0KCWH2S9qS4k6o=
25,-345,ilXgIhCvS7M/HlutwPdORaaiMdg=,PFp+fDXLFo9fV0KCWH2S9qS4k6o=
26,-345,ilXgIhCvS7M/HlutwPdORaaiMdg=,PFp+fDXLFo9fV0KCWH2S9qS4k6o=
25,-352,ilXgIhCvS7M/HlutwPdORaaiMdg=,PFp+fDXLFo9fV0KCWH2S9qS4k6o=
24,-345,ilXgIhCvS7M/HlutwPdORaaiMdg=,PFp+fDXLFo9fV0KCWH2S9qS4k6o=
28,-345,ilXgIhCvS7M/HlutwPdORaaiMdg=,PFp+fDXLFo9fV0KCWH2S9qS4k6o=
23,-345,ilXgIhCvS7M/HlutwPdORaaiMdg=,PFp+fDXLFo9fV0KCWH2S9qS4k6o=
22,-345,ilXgIhCvS7M/HlutwPdORaaiMdg=,PFp+fDXLFo9fV0KCWH2S9qS4k6o=
21,-345,ilXgIhCvS7M/HlutwPdORaaiMdg=,PFp+fDXLFo9fV0KCWH2S9qS4k6o=
21,-350,ilXgIhCvS7M/HlutwPdORaaiMdg=,PFp+fDXLFo9fV0KCWH2S9qS4k6o=
20,-345,ilXgIhCvS7M/HlutwPdORaaiMdg=,PFp+fDXLFo9fV0KCWH2S9qS4k6o=
18,-345,ilXgIhCvS7M/HlutwPdORaaiMdg=,PFp+fDXLFo9fV0KCWH2S9qS4k6o=
19,-345,ilXgIhCvS7M/HlutwPdORaaiMdg=,PFp+fDXLFo9fV0KCWH2S9qS4k6o=
17,-345,ilXgIhCvS7M/HlutwPdORaaiMdg=,PFp+fDXLFo9fV0KCWH2S9qS4k6o=
30,-346,ilXgIhCvS7M/HlutwPdORaaiMdg=,PFp+fDXLFo9fV0KCWH2S9qS4k6o=
16,-345,ilXgIhCvS7M/HlutwPdORaaiMdg=,PFp+fDXLFo9fV0KCWH2S9qS4k6o=
29,-346,ilXgIhCvS7M/HlutwPdORaaiMdg=,PFp+fDXLFo9fV0KCWH2S9qS4k6o=
28,-346,ilXgIhCvS7M/HlutwPdORaaiMdg=,PFp+fDXLFo9fV0KCWH2S9qS4k6o=
27,-346,ilXgIhCvS7M/HlutwPdORaaiMdg=,PFp+fDXLFo9fV0KCWH2S9qS4k6o=
26,-346,ilXgIhCvS7M/HlutwPdORaaiMdg=,PFp+fDXLFo9fV0KCWH2S9qS4k6o=
24,-346,ilXgIhCvS7M/HlutwPdORaaiMdg=,PFp+fDXLFo9fV0KCWH2S9qS4k6o=
25,-346,ilXgIhCvS7M/HlutwPdORaaiMdg=,PFp+fDXLFo9fV0KCWH2S9qS4k6o=
23,-346,ilXgIhCvS7M/HlutwPdORaaiMdg=,PFp+fDXLFo9fV0KCWH2S9qS4k6o=
24,-352,ilXgIhCvS7M/HlutwPdORaaiMdg=,PFp+fDXLFo9fV0KCWH2S9qS4k6o=
22,-346,ilXgIhCvS7M/HlutwPdORaaiMdg=,PFp+fDXLFo9fV0KCWH2S9qS4k6o=
20,-350,ilXgIhCvS7M/HlutwPdORaaiMdg=,PFp+fDXLFo9fV0KCWH2S9qS4k6o=
21,-346,ilXgIhCvS7M/HlutwPdORaaiMdg=,PFp+fDXLFo9fV0KCWH2S9qS4k6o=
19,-346,ilXgIhCvS7M/HlutwPdORaaiMdg=,PFp+fDXLFo9fV0KCWH2S9qS4k6o=
20,-346,ilXgIhCvS7M/HlutwPdORaaiMdg=,PFp+fDXLFo9fV0KCWH2S9qS4k6o=
17,-346,ilXgIhCvS7M/HlutwPdORaaiMdg=,PFp+fDXLFo9fV0KCWH2S9qS4k6o=
18,-346,ilXgIhCvS7M/HlutwPdORaaiMdg=,PFp+fDXLFo9fV0KCWH2S9qS4k6o=
16,-346,ilXgIhCvS7M/HlutwPdORaaiMdg=,PFp+fDXLFo9fV0KCWH2S9qS4k6o=
29,-347,ilXgIhCvS7M/HlutwPdORaaiMdg=,PFp+fDXLFo9fV0KCWH2S9qS4k6o=
30,-347,ilXgIhCvS7M/HlutwPdORaaiMdg=,PFp+fDXLFo9fV0KCWH2S9qS4k6o=
26,-347,ilXgIhCvS7M/HlutwPdORaaiMdg=,PFp+fDXLFo9fV0KCWH2S9qS4k6o=
27,-347,ilXgIhCvS7M/HlutwPdORaaiMdg=,PFp+fDXLFo9fV0KCWH2S9qS4k6o=
25,-347,ilXgIhCvS7M/HlutwPdORaaiMdg=,PFp+fDXLFo9fV0KCWH2S9qS4k6o=
24,-347,ilXgIhCvS7M/HlutwPdORaaiMdg=,PFp+fDXLFo9fV0KCWH2S9qS4k6o=
22,-347,ilXgIhCvS7M/HlutwPdORaaiMdg=,PFp+fDXLFo9fV0KCWH2S9qS4k6o=
23,-347,ilXgIhCvS7M/HlutwPdORaaiMdg=,PFp+fDXLFo9fV0KCWH2S9qS4k6o=
23,-352,ilXgIhCvS7M/HlutwPdORaaiMdg=,PFp+fDXLFo9fV0KCWH2S9qS4k6o=
19,-350,ilXgIhCvS7M/HlutwPdORaaiMdg=,PFp+fDXLFo9fV0KCWH2S9qS4k6o=
21,-347,ilXgIhCvS7M/HlutwPdORaaiMdg=,PFp+fDXLFo9fV0KCWH2S9qS4k6o=
19,-347,ilXgIhCvS7M/HlutwPdORaaiMdg=,PFp+fDXLFo9fV0KCWH2S9qS4k6o=
20,-347,ilXgIhCvS7M/HlutwPdORaaiMdg=,PFp+fDXLFo9fV0KCWH2S9qS4k6o=
18,-347,ilXgIhCvS7M/HlutwPdORaaiMdg=,PFp+fDXLFo9fV0KCWH2S9qS4k6o=
17,-347,ilXgIhCvS7M/HlutwPdORaaiMdg=,PFp+fDXLFo9fV0KCWH2S9qS4k6o=
16,-347,ilXgIhCvS7M/HlutwPdORaaiMdg=,PFp+fDXLFo9fV0KCWH2S9qS4k6o=
31,-352,ilXgIhCvS7M/HlutwPdORaaiMdg=,PFp+fDXLFo9fV0KCWH2S9qS4k6o=
30,-348,ilXgIhCvS7M/HlutwPdORaaiMdg=,PFp+fDXLFo9fV0KCWH2S9qS4k6o=
22,-352,ilXgIhCvS7M/HlutwPdORaaiMdg=,PFp+fDXLFo9fV0KCWH2S9qS4k6o=
29,-348,ilXgIhCvS7M/HlutwPdORaaiMdg=,PFp+fDXLFo9fV0KCWH2S9qS4k6o=
28,-348,ilXgIhCvS7M/HlutwPdORaaiMdg=,PFp+fDXLFo9fV0KCWH2S9qS4k6o=
27,-348,ilXgIhCvS7M/HlutwPdORaaiMdg=,PFp+fDXLFo9fV0KCWH2S9qS4k6o=
26,-348,ilXgIhCvS7M/HlutwPdORaaiMdg=,PFp+fDXLFo9fV0KCWH2S9qS4k6o=
25,-348,ilXgIhCvS7M/HlutwPdORaaiMdg=,PFp+fDXLFo9fV0KCWH2S9qS4k6o=
24,-348,ilXgIhCvS7M/HlutwPdORaaiMdg=,PFp+fDXLFo9fV0KCWH2S9qS4k6o=
23,-348,ilXgIhCvS7M/HlutwPdORaaiMdg=,PFp+fDXLFo9fV0KCWH2S9qS4k6o=
21,-352,ilXgIhCvS7M/HlutwPdORaaiMdg=,PFp+fDXLFo9fV0KCWH2S9qS4k6o=
22,-348,ilXgIhCvS7M/HlutwPdORaaiMdg=,PFp+fDXLFo9fV0KCWH2S9qS4k6o=
21,-348,ilXgIhCvS7M/HlutwPdORaaiMdg=,PFp+fDXLFo9fV0KCWH2S9qS4k6o=
20,-348,ilXgIhCvS7M/HlutwPdORaaiMdg=,PFp+fDXLFo9fV0KCWH2S9qS4k6o=
18,-350,ilXgIhCvS7M/HlutwPdORaaiMdg=,PFp+fDXLFo9fV0KCWH2S9qS4k6o=
18,-348,ilXgIhCvS7M/HlutwPdORaaiMdg=,PFp+fDXLFo9fV0KCWH2S9qS4k6o=
17,-348,ilXgIhCvS7M/HlutwPdORaaiMdg=,PFp+fDXLFo9fV0KCWH2S9qS4k6o=
19,-348,ilXgIhCvS7M/HlutwPdORaaiMdg=,PFp+fDXLFo9fV0KCWH2S9qS4k6o=
16,-348,ilXgIhCvS7M/HlutwPdORaaiMdg=,PFp+fDXLFo9fV0KCWH2S9qS4k6o=
31,-344,ilXgIhCvS7M/HlutwPdORaaiMdg=,PFp+fDXLFo9fV0KCWH2S9qS4k6o=
17,-350,ilXgIhCvS7M/HlutwPdORaaiMdg=,PFp+fDXLFo9fV0KCWH2S9qS4k6o=
31,-337,ilXgIhCvS7M/HlutwPdORaaiMdg=,PFp+fDXLFo9fV0KCWH2S9qS4k6o=
28,-349,ilXgIhCvS7M/HlutwPdORaaiMdg=,PFp+fDXLFo9fV0KCWH2S9qS4k6o=
29,-349,ilXgIhCvS7M/HlutwPdORaaiMdg=,PFp+fDXLFo9fV0KCWH2S9qS4k6o=
26,-349,ilXgIhCvS7M/HlutwPdORaaiMdg=,PFp+fDXLFo9fV0KCWH2S9qS4k6o=
27,-349,ilXgIhCvS7M/HlutwPdORaaiMdg=,PFp+fDXLFo9fV0KCWH2S9qS4k6o=
25,-349,ilXgIhCvS7M/HlutwPdORaaiMdg=,PFp+fDXLFo9fV0KCWH2S9qS4k6o=
31,-345,ilXgIhCvS7M/HlutwPdORaaiMdg=,PFp+fDXLFo9fV0KCWH2S9qS4k6o=
24,-349,ilXgIhCvS7M/HlutwPdORaaiMdg=,PFp+fDXLFo9fV0KCWH2S9qS4k6o=
23,-349,ilXgIhCvS7M/HlutwPdORaaiMdg=,PFp+fDXLFo9fV0KCWH2S9qS4k6o=
22,-349,ilXgIhCvS7M/HlutwPdORaaiMdg=,PFp+fDXLFo9fV0KCWH2S9qS4k6o=
21,-349,ilXgIhCvS7M/HlutwPdORaaiMdg=,PFp+fDXLFo9fV0KCWH2S9qS4k6o=
20,-349,ilXgIhCvS7M/HlutwPdORaaiMdg=,PFp+fDXLFo9fV0KCWH2S9qS4k6o=
19,-349,ilXgIhCvS7M/HlutwPdORaaiMdg=,PFp+fDXLFo9fV0KCWH2S9qS4k6o=
16,-350,ilXgIhCvS7M/HlutwPdORaaiMdg=,PFp+fDXLFo9fV0KCWH2S9qS4k6o=
20,-352,ilXgIhCvS7M/HlutwPdORaaiMdg=,PFp+fDXLFo9fV0KCWH2S9qS4k6o=
18,-349,ilXgIhCvS7M/HlutwPdORaaiMdg=,PFp+fDXLFo9fV0KCWH2S9qS4k6o=
16,-352,ilXgIhCvS7M/HlutwPdORaaiMdg=,PFp+fDXLFo9fV0KCWH2S9qS4k6o=
17,-349,ilXgIhCvS7M/HlutwPdORaaiMdg=,PFp+fDXLFo9fV0KCWH2S9qS4k6o=
16,-349,ilXgIhCvS7M/HlutwPdORaaiMdg=,PFp+fDXLFo9fV0KCWH2S9qS4k6o=
31,-343,ilXgIhCvS7M/HlutwPdORaaiMdg=,PFp+fDXLFo9fV0KCWH2S9qS4k6o=
31,-346,ilXgIhCvS7M/HlutwPdORaaiMdg=,PFp+fDXLFo9fV0KCWH2S9qS4k6o=
30,-349,ilXgIhCvS7M/HlutwPdORaaiMdg=,PFp+fDXLFo9fV0KCWH2S9qS4k6o=
31,-339,ilXgIhCvS7M/HlutwPdORaaiMdg=,PFp+fDXLFo9fV0KCWH2S9qS4k6o=
31,-341,ilXgIhCvS7M/HlutwPdORaaiMdg=,PFp+fDXLFo9fV0KCWH2S9qS4k6o=
31,-348,ilXgIhCvS7M/HlutwPdORaaiMdg=,PFp+fDXLFo9fV0KCWH2S9qS4k6o=
31,-340,ilXgIhCvS7M/HlutwPdORaaiMdg=,PFp+fDXLFo9fV0KCWH2S9qS4k6o=
31,-347,ilXgIhCvS7M/HlutwPdORaaiMdg=,PFp+fDXLFo9fV0KCWH2S9qS4k6o=
31,-342,ilXgIhCvS7M/HlutwPdORaaiMdg=,PFp+fDXLFo9fV0KCWH2S9qS4k6o=
31,-351,ilXgIhCvS7M/HlutwPdORaaiMdg=,PFp+fDXLFo9fV0KCWH2S9qS4k6o=
28,-347,ilXgIhCvS7M/HlutwPdORaaiMdg=,PFp+fDXLFo9fV0KCWH2S9qS4k6o=
31,-338,ilXgIhCvS7M/HlutwPdORaaiMdg=,PFp+fDXLFo9fV0KCWH2S9qS4k6o=
31,-349,ilXgIhCvS7M/HlutwPdORaaiMdg=,PFp+fDXLFo9fV0KCWH2S9qS4k6o=
31,-350,ilXgIhCvS7M/HlutwPdORaaiMdg=,PFp+fDXLFo9fV0KCWH2S9qS4k6o=
