51,128,ZYukkqMSwib2OkDi3O6C31ZWOuk=,yc0n9viS69f308tD8exAxFJ5UgI=
60,131,ZYukkqMSwib2OkDi3O6C31ZWOuk=,yc0n9viS69f308tD8exAxFJ5UgI=
60,130,ZYukkqMSwib2OkDi3O6C31ZWOuk=,yc0n9viS69f308tD8exAxFJ5UgI=
61,130,ZYukkqMSwib2OkDi3O6C31ZWOuk=,yc0n9viS69f308tD8exAxFJ5UgI=
59,130,ZYukkqMSwib2OkDi3O6C31ZWOuk=,yc0n9viS69f308tD8exAxFJ5UgI=
57,130,ZYukkqMSwib2OkDi3O6C31ZWOuk=,yc0n9viS69f308tD8exAxFJ5UgI=
58,130,ZYukkqMSwib2OkDi3O6C31ZWOuk=,yc0n9viS69f308tD8exAxFJ5UgI=
63,143,ZYukkqMSwib2OkDi3O6C31ZWOuk=,yc0n9viS69f308tD8exAxFJ5UgI=
53,130,ZYukkqMSwib2OkDi3O6C31ZWOuk=,yc0n9viS69f308tD8exAxFJ5UgI=
54,130,ZYukkqMSwib2OkDi3O6C31ZWOuk=,yc0n9viS69f308tD8exAxFJ5UgI=
55,130,ZYukkqMSwib2OkDi3O6C31ZWOuk=,yc0n9viS69f308tD8exAxFJ5UgI=
51,130,ZYukkqMSwib2OkDi3O6C31ZWOuk=,yc0n9viS69f308tD8exAxFJ5UgI=
52,130,ZYukkqMSwib2OkDi3O6C31ZWOuk=,yc0n9viS69f308tD8exAxFJ5UgI=
50,130,ZYukkqMSwib2OkDi3O6C31ZWOuk=,yc0n9viS69f308tD8exAxFJ5UgI=
49,130,ZYukkqMSwib2OkDi3O6C31ZWOuk=,yc0n9viS69f308tD8exAxFJ5UgI=
48,130,ZYukkqMSwib2OkDi3O6C31ZWOuk=,yc0n9viS69f308tD8exAxFJ5UgI=
56,130,ZYukkqMSwib2OkDi3O6C31ZWOuk=,yc0n9viS69f308tD8exAxFJ5UgI=
62,143,ZYukkqMSwib2OkDi3O6C31ZWOuk=,yc0n9viS69f308tD8exAxFJ5UgI=
59,131,ZYukkqMSwib2OkDi3O6C31ZWOuk=,yc0n9viS69f308tD8exAxFJ5UgI=
50,128,ZYukkqMSwib2OkDi3O6C31ZWOuk=,yc0n9viS69f308tD8exAxFJ5UgI=
60,143,ZYukkqMSwib2OkDi3O6C31ZWOuk=,yc0n9viS69f308tD8exAxFJ5UgI=
59,143,ZYukkqMSwib2OkDi3O6C31ZWOuk=,yc0n9viS69f308tD8exAxFJ5UgI=
58,143,ZYukkqMSwib2OkDi3O6C31ZWOuk=,yc0n9viS69f308tD8exAxFJ5UgI=
61,143,ZYukkqMSwib2OkDi3O6C31ZWOuk=,yc0n9viS69f308tD8exAxFJ5UgI=
56,143,ZYukkqMSwib2OkDi3O6C31ZWOuk=,yc0n9viS69f308tD8exAxFJ5UgI=
57,143,ZYukkqMSwib2OkDi3O6C31ZWOuk=,yc0n9viS69f308tD8exAxFJ5UgI=
55,143,ZYukkqMSwib2OkDi3O6C31ZWOuk=,yc0n9viS69f308tD8exAxFJ5UgI=
53,143,ZYukkqMSwib2OkDi3O6C31ZWOuk=,yc0n9viS69f308tD8exAxFJ5UgI=
51,143,ZYukkqMSwib2OkDi3O6C31ZWOuk=,yc0n9viS69f308tD8exAxFJ5UgI=
54,143,ZYukkqMSwib2OkDi3O6C31ZWOuk=,yc0n9viS69f308tD8exAxFJ5UgI=
58,131,ZYukkqMSwib2OkDi3O6C31ZWOuk=,yc0n9viS69f308tD8exAxFJ5UgI=
49,143,ZYukkqMSwib2OkDi3O6C31ZWOuk=,yc0n9viS69f308tD8exAxFJ5UgI=
50,143,ZYukkqMSwib2OkDi3O6C31ZWOuk=,yc0n9viS69f308tD8exAxFJ5UgI=
63,142,ZYukkqMSwib2OkDi3O6C31ZWOuk=,yc0n9viS69f308tD8exAxFJ5UgI=
52,143,ZYukkqMSwib2OkDi3O6C31ZWOuk=,yc0n9viS69f308tD8exAxFJ5UgI=
60,142,ZYukkqMSwib2OkDi3O6C31ZWOuk=,yc0n9viS69f308tD8exAxFJ5UgI=
48,143,ZYukkqMSwib2OkDi3O6C31ZWOuk=,yc0n9viS69f308tD8exAxFJ5UgI=
62,142,ZYukkqMSwib2OkDi3O6C31ZWOuk=,yc0n9viS69f308tD8exAxFJ5UgI=
62,130,ZYukkqMSwib2OkDi3O6C31ZWOuk=,yc0n9viS69f308tD8exAxFJ5UgI=
59,142,ZYukkqMSwib2OkDi3O6C31ZWOuk=,yc0n9viS69f308tD8exAxFJ5UgI=
58,142,ZYukkqMSwib2OkDi3O6C31ZWOuk=,yc0n9viS69f308tD8exAxFJ5UgI=
57,142,ZYukkqMSwib2OkDi3O6C31ZWOuk=,yc0n9viS69f308tD8exAxFJ5UgI=
52,128,ZYukkqMSwib2OkDi3O6C31ZWOuk=,yc0n9viS69f308tD8exAxFJ5UgI=
55,142,ZYukkqMSwib2OkDi3O6C31ZWOuk=,yc0n9viS69f308tD8exAxFJ5UgI=
56,142,ZYukkqMSwib2OkDi3O6C31ZWOuk=,yc0n9viS69f308tD8exAxFJ5UgI=
61,142,ZYukkqMSwib2OkDi3O6C31ZWOuk=,yc0n9viS69f308tD8exAxFJ5UgI=
53,142,ZYukkqMSwib2OkDi3O6C31ZWOuk=,yc0n9viS69f308tD8exAxFJ5UgI=
48,128,ZYukkqMSwib2OkDi3O6C31ZWOuk=,yc0n9viS69f308tD8exAxFJ5UgI=
52,142,ZYukkqMSwib2OkDi3O6C31ZWOuk=,yc0n9viS69f308tD8exAxFJ5UgI=
51,142,ZYukkqMSwib2OkDi3O6C31ZWOuk=,yc0n9viS69f308tD8exAxFJ5UgI=
61,131,ZYukkqMSwib2OkDi3O6C31ZWOuk=,yc0n9viS69f308tD8exAxFJ5UgI=
50,142,ZYukkqMSwib2OkDi3O6C31ZWOuk=,yc0n9viS69f308tD8exAxFJ5UgI=
54,142,ZYukkqMSwib2OkDi3O6C31ZWOuk=,yc0n9viS69f308tD8exAxFJ5UgI=
62,131,ZYukkqMSwib2OkDi3O6C31ZWOuk=,yc0n9viS69f308tD8exAxFJ5UgI=
49,129,ZYukkqMSwib2OkDi3O6C31ZWOuk=,yc0n9viS69f308tD8exAxFJ5UgI=
49,142,ZYukkqMSwib2OkDi3O6C31ZWOuk=,yc0n9viS69f308tD8exAxFJ5UgI=
53,128,ZYukkqMSwib2OkDi3O6C31ZWOuk=,yc0n9viS69f308tD8exAxFJ5UgI=
57,131,ZYukkqMSwib2OkDi3O6C31ZWOuk=,yc0n9viS69f308tD8exAxFJ5UgI=
48,142,ZYukkqMSwib2OkDi3O6C31ZWOuk=,yc0n9viS69f308tD8exAxFJ5UgI=
48,129,ZYukkqMSwib2OkDi3O6C31ZWOuk=,yc0n9viS69f308tD8exAxFJ5UgI=
63,141,ZYukkqMSwib2OkDi3O6C31ZWOuk=,yc0n9viS69f308tD8exAxFJ5UgI=
50,129,ZYukkqMSwib2OkDi3O6C31ZWOuk=,yc0n9viS69f308tD8exAxFJ5UgI=
62,141,ZYukkqMSwib2OkDi3O6C31ZWOuk=,yc0n9viS69f308tD8exAxFJ5UgI=
61,141,ZYukkqMSwib2OkDi3O6C31ZWOuk=,yc0n9viS69f308tD8exAxFJ5UgI=
60,141,ZYukkqMSwib2OkDi3O6C31ZWOuk=,yc0n9viS69f308tD8exAxFJ5UgI=
57,141,ZYukkqMSwib2OkDi3O6C31ZWOuk=,yc0n9viS69f308tD8exAxFJ5UgI=
58,141,ZYukkqMSwib2OkDi3O6C31ZWOuk=,yc0n9viS69f308tD8exAxFJ5UgI=
49,128,ZYukkqMSwib2OkDi3O6C31ZWOuk=,yc0n9viS69f308tD8exAxFJ5UgI=
55,141,ZYukkqMSwib2OkDi3O6C31ZWOuk=,yc0n9viS69f308tD8exAxFJ5UgI=
56,141,ZYukkqMSwib2OkDi3O6C31ZWOuk=,yc0n9viS69f308tD8exAxFJ5UgI=
53,141,ZYukkqMSwib2OkDi3O6C31ZWOuk=,yc0n9viS69f308tD8exAxFJ5UgI=
51,141,ZYukkqMSwib2OkDi3O6C31ZWOuk=,yc0n9viS69f308tD8exAxFJ5UgI=
52,141,ZYukkqMSwib2OkDi3O6C31ZWOuk=,yc0n9viS69f308tD8exAxFJ5UgI=
54,141,ZYukkqMSwib2OkDi3O6C31ZWOuk=,yc0n9viS69f308tD8exAxFJ5UgI=
59,141,ZYukkqMSwib2OkDi3O6C31ZWOuk=,yc0n9viS69f308tD8exAxFJ5UgI=
49,141,ZYukkqMSwib2OkDi3O6C31ZWOuk=,yc0n9viS69f308tD8exAxFJ5UgI=
56,131,ZYukkqMSwib2OkDi3O6C31ZWOuk=,yc0n9viS69f308tD8exAxFJ5UgI=
63,140,ZYukkqMSwib2OkDi3O6C31ZWOuk=,yc0n9viS69f308tD8exAxFJ5UgI=
62,140,ZYukkqMSwib2OkDi3O6C31ZWOuk=,yc0n9viS69f308tD8exAxFJ5UgI=
60,129,ZYukkqMSwib2OkDi3O6C31ZWOuk=,yc0n9viS69f308tD8exAxFJ5UgI=
48,141,ZYukkqMSwib2OkDi3O6C31ZWOuk=,yc0n9viS69f308tD8exAxFJ5UgI=
50,141,ZYukkqMSwib2OkDi3O6C31ZWOuk=,yc0n9viS69f308tD8exAxFJ5UgI=
60,140,ZYukkqMSwib2OkDi3O6C31ZWOuk=,yc0n9viS69f308tD8exAxFJ5UgI=
56,140,ZYukkqMSwib2OkDi3O6C31ZWOuk=,yc0n9viS69f308tD8exAxFJ5UgI=
59,140,ZYukkqMSwib2OkDi3O6C31ZWOuk=,yc0n9viS69f308tD8exAxFJ5UgI=
55,140,ZYukkqMSwib2OkDi3O6C31ZWOuk=,yc0n9viS69f308tD8exAxFJ5UgI=
57,140,ZYukkqMSwib2OkDi3O6C31ZWOuk=,yc0n9viS69f308tD8exAxFJ5UgI=
54,140,ZYukkqMSwib2OkDi3O6C31ZWOuk=,yc0n9viS69f308tD8exAxFJ5UgI=
52,140,ZYukkqMSwib2OkDi3O6C31ZWOuk=,yc0n9viS69f308tD8exAxFJ5UgI=
55,131,ZYukkqMSwib2OkDi3O6C31ZWOuk=,yc0n9viS69f308tD8exAxFJ5UgI=
61,140,ZYukkqMSwib2OkDi3O6C31ZWOuk=,yc0n9viS69f308tD8exAxFJ5UgI=
58,140,ZYukkqMSwib2OkDi3O6C31ZWOuk=,yc0n9viS69f308tD8exAxFJ5UgI=
50,140,ZYukkqMSwib2OkDi3O6C31ZWOuk=,yc0n9viS69f308tD8exAxFJ5UgI=
53,140,ZYukkqMSwib2OkDi3O6C31ZWOuk=,yc0n9viS69f308tD8exAxFJ5UgI=
51,140,ZYukkqMSwib2OkDi3O6C31ZWOuk=,yc0n9viS69f308tD8exAxFJ5UgI=
48,140,ZYukkqMSwib2OkDi3O6C31ZWOuk=,yc0n9viS69f308tD8exAxFJ5UgI=
59,129,ZYukkqMSwib2OkDi3O6C31ZWOuk=,yc0n9viS69f308tD8exAxFJ5UgI=
49,140,ZYukkqMSwib2OkDi3O6C31ZWOuk=,yc0n9viS69f308tD8exAxFJ5UgI=
63,139,ZYukkqMSwib2OkDi3O6C31ZWOuk=,yc0n9viS69f308tD8exAxFJ5UgI=
62,139,ZYukkqMSwib2OkDi3O6C31ZWOuk=,yc0n9viS69f308tD8exAxFJ5UgI=
61,139,ZYukkqMSwib2OkDi3O6C31ZWOuk=,yc0n9viS69f308tD8exAxFJ5UgI=
59,139,ZYukkqMSwib2OkDi3O6C31ZWOuk=,yc0n9viS69f308tD8exAxFJ5UgI=
57,139,ZYukkqMSwib2OkDi3O6C31ZWOuk=,yc0n9viS69f308tD8exAxFJ5UgI=
60,139,ZYukkqMSwib2OkDi3O6C31ZWOuk=,yc0n9viS69f308tD8exAxFJ5UgI=
54,139,ZYukkqMSwib2OkDi3O6C31ZWOuk=,yc0n9viS69f308tD8exAxFJ5UgI=
58,139,ZYukkqMSwib2OkDi3O6C31ZWOuk=,yc0n9viS69f308tD8exAxFJ5UgI=
56,139,ZYukkqMSwib2OkDi3O6C31ZWOuk=,yc0n9viS69f308tD8exAxFJ5UgI=
53,139,ZYukkqMSwib2OkDi3O6C31ZWOuk=,yc0n9viS69f308tD8exAxFJ5UgI=
55,139,ZYukkqMSwib2OkDi3O6C31ZWOuk=,yc0n9viS69f308tD8exAxFJ5UgI=
52,139,ZYukkqMSwib2OkDi3O6C31ZWOuk=,yc0n9viS69f308tD8exAxFJ5UgI=
54,131,ZYukkqMSwib2OkDi3O6C31ZWOuk=,yc0n9viS69f308tD8exAxFJ5UgI=
51,139,ZYukkqMSwib2OkDi3O6C31ZWOuk=,yc0n9viS69f308tD8exAxFJ5UgI=
50,139,ZYukkqMSwib2OkDi3O6C31ZWOuk=,yc0n9viS69f308tD8exAxFJ5UgI=
49,139,ZYukkqMSwib2OkDi3O6C31ZWOuk=,yc0n9viS69f308tD8exAxFJ5UgI=
48,139,ZYukkqMSwib2OkDi3O6C31ZWOuk=,yc0n9viS69f308tD8exAxFJ5UgI=
58,129,ZYukkqMSwib2OkDi3O6C31ZWOuk=,yc0n9viS69f308tD8exAxFJ5UgI=
63,138,ZYukkqMSwib2OkDi3O6C31ZWOuk=,yc0n9viS69f308tD8exAxFJ5UgI=
62,138,ZYukkqMSwib2OkDi3O6C31ZWOuk=,yc0n9viS69f308tD8exAxFJ5UgI=
60,138,ZYukkqMSwib2OkDi3O6C31ZWOuk=,yc0n9viS69f308tD8exAxFJ5UgI=
57,138,ZYukkqMSwib2OkDi3O6C31ZWOuk=,yc0n9viS69f308tD8exAxFJ5UgI=
59,138,ZYukkqMSwib2OkDi3O6C31ZWOuk=,yc0n9viS69f308tD8exAxFJ5UgI=
56,138,ZYukkqMSwib2OkDi3O6C31ZWOuk=,yc0n9viS69f308tD8exAxFJ5UgI=
61,138,ZYukkqMSwib2OkDi3O6C31ZWOuk=,yc0n9viS69f308tD8exAxFJ5UgI=
58,138,ZYukkqMSwib2OkDi3O6C31ZWOuk=,yc0n9viS69f308tD8exAxFJ5UgI=
55,138,ZYukkqMSwib2OkDi3O6C31ZWOuk=,yc0n9viS69f308tD8exAxFJ5UgI=
53,131,ZYukkqMSwib2OkDi3O6C31ZWOuk=,yc0n9viS69f308tD8exAxFJ5UgI=
52,138,ZYukkqMSwib2OkDi3O6C31ZWOuk=,yc0n9viS69f308tD8exAxFJ5UgI=
53,138,ZYukkqMSwib2OkDi3O6C31ZWOuk=,yc0n9viS69f308tD8exAxFJ5UgI=
51,138,ZYukkqMSwib2OkDi3O6C31ZWOuk=,yc0n9viS69f308tD8exAxFJ5UgI=
50,138,ZYukkqMSwib2OkDi3O6C31ZWOuk=,yc0n9viS69f308tD8exAxFJ5UgI=
54,138,ZYukkqMSwib2OkDi3O6C31ZWOuk=,yc0n9viS69f308tD8exAxFJ5UgI=
57,129,ZYukkqMSwib2OkDi3O6C31ZWOuk=,yc0n9viS69f308tD8exAxFJ5UgI=
63,137,ZYukkqMSwib2OkDi3O6C31ZWOuk=,yc0n9viS69f308tD8exAxFJ5UgI=
61,137,ZYukkqMSwib2OkDi3O6C31ZWOuk=,yc0n9viS69f308tD8exAxFJ5UgI=
62,137,ZYukkqMSwib2OkDi3O6C31ZWOuk=,yc0n9viS69f308tD8exAxFJ5UgI=
59,137,ZYukkqMSwib2OkDi3O6C31ZWOuk=,yc0n9viS69f308tD8exAxFJ5UgI=
48,138,ZYukkqMSwib2OkDi3O6C31ZWOuk=,yc0n9viS69f308tD8exAxFJ5UgI=
49,138,ZYukkqMSwib2OkDi3O6C31ZWOuk=,yc0n9viS69f308tD8exAxFJ5UgI=
58,137,ZYukkqMSwib2OkDi3O6C31ZWOuk=,yc0n9viS69f308tD8exAxFJ5UgI=
60,137,ZYukkqMSwib2OkDi3O6C31ZWOuk=,yc0n9viS69f308tD8exAxFJ5UgI=
57,137,ZYukkqMSwib2OkDi3O6C31ZWOuk=,yc0n9viS69f308tD8exAxFJ5UgI=
56,137,ZYukkqMSwib2OkDi3O6C31ZWOuk=,yc0n9viS69f308tD8exAxFJ5UgI=
55,137,ZYukkqMSwib2OkDi3O6C31ZWOuk=,yc0n9viS69f308tD8exAxFJ5UgI=
52,131,ZYukkqMSwib2OkDi3O6C31ZWOuk=,yc0n9viS69f308tD8exAxFJ5UgI=
59,128,ZYukkqMSwib2OkDi3O6C31ZWOuk=,yc0n9viS69f308tD8exAxFJ5UgI=
52,137,ZYukkqMSwib2OkDi3O6C31ZWOuk=,yc0n9viS69f308tD8exAxFJ5UgI=
54,137,ZYukkqMSwib2OkDi3O6C31ZWOuk=,yc0n9viS69f308tD8exAxFJ5UgI=
51,137,ZYukkqMSwib2OkDi3O6C31ZWOuk=,yc0n9viS69f308tD8exAxFJ5UgI=
50,137,ZYukkqMSwib2OkDi3O6C31ZWOuk=,yc0n9viS69f308tD8exAxFJ5UgI=
53,137,ZYukkqMSwib2OkDi3O6C31ZWOuk=,yc0n9viS69f308tD8exAxFJ5UgI=
49,137,ZYukkqMSwib2OkDi3O6C31ZWOuk=,yc0n9viS69f308tD8exAxFJ5UgI=
48,137,ZYukkqMSwib2OkDi3O6C31ZWOuk=,yc0n9viS69f308tD8exAxFJ5UgI=
62,136,ZYukkqMSwib2OkDi3O6C31ZWOuk=,yc0n9viS69f308tD8exAxFJ5UgI=
56,129,ZYukkqMSwib2OkDi3O6C31ZWOuk=,yc0n9viS69f308tD8exAxFJ5UgI=
63,136,ZYukkqMSwib2OkDi3O6C31ZWOuk=,yc0n9viS69f308tD8exAxFJ5UgI=
61,136,ZYukkqMSwib2OkDi3O6C31ZWOuk=,yc0n9viS69f308tD8exAxFJ5UgI=
60,136,ZYukkqMSwib2OkDi3O6C31ZWOuk=,yc0n9viS69f308tD8exAxFJ5UgI=
58,136,ZYukkqMSwib2OkDi3O6C31ZWOuk=,yc0n9viS69f308tD8exAxFJ5UgI=
59,136,ZYukkqMSwib2OkDi3O6C31ZWOuk=,yc0n9viS69f308tD8exAxFJ5UgI=
57,136,ZYukkqMSwib2OkDi3O6C31ZWOuk=,yc0n9viS69f308tD8exAxFJ5UgI=
55,136,ZYukkqMSwib2OkDi3O6C31ZWOuk=,yc0n9viS69f308tD8exAxFJ5UgI=
56,136,ZYukkqMSwib2OkDi3O6C31ZWOuk=,yc0n9viS69f308tD8exAxFJ5UgI=
51,131,ZYukkqMSwib2OkDi3O6C31ZWOuk=,yc0n9viS69f308tD8exAxFJ5UgI=
58,128,ZYukkqMSwib2OkDi3O6C31ZWOuk=,yc0n9viS69f308tD8exAxFJ5UgI=
54,136,ZYukkqMSwib2OkDi3O6C31ZWOuk=,yc0n9viS69f308tD8exAxFJ5UgI=
53,136,ZYukkqMSwib2OkDi3O6C31ZWOuk=,yc0n9viS69f308tD8exAxFJ5UgI=
52,136,ZYukkqMSwib2OkDi3O6C31ZWOuk=,yc0n9viS69f308tD8exAxFJ5UgI=
51,136,ZYukkqMSwib2OkDi3O6C31ZWOuk=,yc0n9viS69f308tD8exAxFJ5UgI=
49,136,ZYukkqMSwib2OkDi3O6C31ZWOuk=,yc0n9viS69f308tD8exAxFJ5UgI=
48,136,ZYukkqMSwib2OkDi3O6C31ZWOuk=,yc0n9viS69f308tD8exAxFJ5UgI=
63,135,ZYukkqMSwib2OkDi3O6C31ZWOuk=,yc0n9viS69f308tD8exAxFJ5UgI=
55,129,ZYukkqMSwib2OkDi3O6C31ZWOuk=,yc0n9viS69f308tD8exAxFJ5UgI=
50,136,ZYukkqMSwib2OkDi3O6C31ZWOuk=,yc0n9viS69f308tD8exAxFJ5UgI=
62,135,ZYukkqMSwib2OkDi3O6C31ZWOuk=,yc0n9viS69f308tD8exAxFJ5UgI=
60,135,ZYukkqMSwib2OkDi3O6C31ZWOuk=,yc0n9viS69f308tD8exAxFJ5UgI=
59,135,ZYukkqMSwib2OkDi3O6C31ZWOuk=,yc0n9viS69f308tD8exAxFJ5UgI=
57,135,ZYukkqMSwib2OkDi3O6C31ZWOuk=,yc0n9viS69f308tD8exAxFJ5UgI=
58,135,ZYukkqMSwib2OkDi3O6C31ZWOuk=,yc0n9viS69f308tD8exAxFJ5UgI=
61,135,ZYukkqMSwib2OkDi3O6C31ZWOuk=,yc0n9viS69f308tD8exAxFJ5UgI=
50,131,ZYukkqMSwib2OkDi3O6C31ZWOuk=,yc0n9viS69f308tD8exAxFJ5UgI=
57,128,ZYukkqMSwib2OkDi3O6C31ZWOuk=,yc0n9viS69f308tD8exAxFJ5UgI=
53,135,ZYukkqMSwib2OkDi3O6C31ZWOuk=,yc0n9viS69f308tD8exAxFJ5UgI=
56,135,ZYukkqMSwib2OkDi3O6C31ZWOuk=,yc0n9viS69f308tD8exAxFJ5UgI=
54,135,ZYukkqMSwib2OkDi3O6C31ZWOuk=,yc0n9viS69f308tD8exAxFJ5UgI=
55,135,ZYukkqMSwib2OkDi3O6C31ZWOuk=,yc0n9viS69f308tD8exAxFJ5UgI=
49,135,ZYukkqMSwib2OkDi3O6C31ZWOuk=,yc0n9viS69f308tD8exAxFJ5UgI=
51,135,ZYukkqMSwib2OkDi3O6C31ZWOuk=,yc0n9viS69f308tD8exAxFJ5UgI=
48,135,ZYukkqMSwib2OkDi3O6C31ZWOuk=,yc0n9viS69f308tD8exAxFJ5UgI=
50,135,ZYukkqMSwib2OkDi3O6C31ZWOuk=,yc0n9viS69f308tD8exAxFJ5UgI=
52,135,ZYukkqMSwib2OkDi3O6C31ZWOuk=,yc0n9viS69f308tD8exAxFJ5UgI=
61,134,ZYukkqMSwib2OkDi3O6C31ZWOuk=,yc0n9viS69f308tD8exAxFJ5UgI=
63,134,ZYukkqMSwib2OkDi3O6C31ZWOuk=,yc0n9viS69f308tD8exAxFJ5UgI=
54,129,ZYukkqMSwib2OkDi3O6C31ZWOuk=,yc0n9viS69f308tD8exAxFJ5UgI=
62,134,ZYukkqMSwib2OkDi3O6C31ZWOuk=,yc0n9viS69f308tD8exAxFJ5UgI=
60,134,ZYukkqMSwib2OkDi3O6C31ZWOuk=,yc0n9viS69f308tD8exAxFJ5UgI=
59,134,ZYukkqMSwib2OkDi3O6C31ZWOuk=,yc0n9viS69f308tD8exAxFJ5UgI=
58,134,ZYukkqMSwib2OkDi3O6C31ZWOuk=,yc0n9viS69f308tD8exAxFJ5UgI=
56,128,ZYukkqMSwib2OkDi3O6C31ZWOuk=,yc0n9viS69f308tD8exAxFJ5UgI=
49,131,ZYukkqMSwib2OkDi3O6C31ZWOuk=,yc0n9viS69f308tD8exAxFJ5UgI=
56,134,ZYukkqMSwib2OkDi3O6C31ZWOuk=,yc0n9viS69f308tD8exAxFJ5UgI=
57,134,ZYukkqMSwib2OkDi3O6C31ZWOuk=,yc0n9viS69f308tD8exAxFJ5UgI=
55,134,ZYukkqMSwib2OkDi3O6C31ZWOuk=,yc0n9viS69f308tD8exAxFJ5UgI=
54,134,ZYukkqMSwib2OkDi3O6C31ZWOuk=,yc0n9viS69f308tD8exAxFJ5UgI=
53,134,ZYukkqMSwib2OkDi3O6C31ZWOuk=,yc0n9viS69f308tD8exAxFJ5UgI=
51,134,ZYukkqMSwib2OkDi3O6C31ZWOuk=,yc0n9viS69f308tD8exAxFJ5UgI=
52,134,ZYukkqMSwib2OkDi3O6C31ZWOuk=,yc0n9viS69f308tD8exAxFJ5UgI=
61,129,ZYukkqMSwib2OkDi3O6C31ZWOuk=,yc0n9viS69f308tD8exAxFJ5UgI=
50,134,ZYukkqMSwib2OkDi3O6C31ZWOuk=,yc0n9viS69f308tD8exAxFJ5UgI=
49,134,ZYukkqMSwib2OkDi3O6C31ZWOuk=,yc0n9viS69f308tD8exAxFJ5UgI=
48,134,ZYukkqMSwib2OkDi3O6C31ZWOuk=,yc0n9viS69f308tD8exAxFJ5UgI=
53,129,ZYukkqMSwib2OkDi3O6C31ZWOuk=,yc0n9viS69f308tD8exAxFJ5UgI=
62,133,ZYukkqMSwib2OkDi3O6C31ZWOuk=,yc0n9viS69f308tD8exAxFJ5UgI=
63,133,ZYukkqMSwib2OkDi3O6C31ZWOuk=,yc0n9viS69f308tD8exAxFJ5UgI=
59,133,ZYukkqMSwib2OkDi3O6C31ZWOuk=,yc0n9viS69f308tD8exAxFJ5UgI=
55,128,ZYukkqMSwib2OkDi3O6C31ZWOuk=,yc0n9viS69f308tD8exAxFJ5UgI=
52,129,ZYukkqMSwib2OkDi3O6C31ZWOuk=,yc0n9viS69f308tD8exAxFJ5UgI=
48,131,ZYukkqMSwib2OkDi3O6C31ZWOuk=,yc0n9viS69f308tD8exAxFJ5UgI=
58,133,ZYukkqMSwib2OkDi3O6C31ZWOuk=,yc0n9viS69f308tD8exAxFJ5UgI=
57,133,ZYukkqMSwib2OkDi3O6C31ZWOuk=,yc0n9viS69f308tD8exAxFJ5UgI=
55,133,ZYukkqMSwib2OkDi3O6C31ZWOuk=,yc0n9viS69f308tD8exAxFJ5UgI=
56,133,ZYukkqMSwib2OkDi3O6C31ZWOuk=,yc0n9viS69f308tD8exAxFJ5UgI=
53,133,ZYukkqMSwib2OkDi3O6C31ZWOuk=,yc0n9viS69f308tD8exAxFJ5UgI=
54,133,ZYukkqMSwib2OkDi3O6C31ZWOuk=,yc0n9viS69f308tD8exAxFJ5UgI=
51,133,ZYukkqMSwib2OkDi3O6C31ZWOuk=,yc0n9viS69f308tD8exAxFJ5UgI=
50,133,ZYukkqMSwib2OkDi3O6C31ZWOuk=,yc0n9viS69f308tD8exAxFJ5UgI=
52,133,ZYukkqMSwib2OkDi3O6C31ZWOuk=,yc0n9viS69f308tD8exAxFJ5UgI=
48,133,ZYukkqMSwib2OkDi3O6C31ZWOuk=,yc0n9viS69f308tD8exAxFJ5UgI=
49,133,ZYukkqMSwib2OkDi3O6C31ZWOuk=,yc0n9viS69f308tD8exAxFJ5UgI=
63,132,ZYukkqMSwib2OkDi3O6C31ZWOuk=,yc0n9viS69f308tD8exAxFJ5UgI=
61,132,ZYukkqMSwib2OkDi3O6C31ZWOuk=,yc0n9viS69f308tD8exAxFJ5UgI=
60,132,ZYukkqMSwib2OkDi3O6C31ZWOuk=,yc0n9viS69f308tD8exAxFJ5UgI=
62,132,ZYukkqMSwib2OkDi3O6C31ZWOuk=,yc0n9viS69f308tD8exAxFJ5UgI=
51,129,ZYukkqMSwib2OkDi3O6C31ZWOuk=,yc0n9viS69f308tD8exAxFJ5UgI=
59,132,ZYukkqMSwib2OkDi3O6C31ZWOuk=,yc0n9viS69f308tD8exAxFJ5UgI=
54,128,ZYukkqMSwib2OkDi3O6C31ZWOuk=,yc0n9viS69f308tD8exAxFJ5UgI=
56,132,ZYukkqMSwib2OkDi3O6C31ZWOuk=,yc0n9viS69f308tD8exAxFJ5UgI=
58,132,ZYukkqMSwib2OkDi3O6C31ZWOuk=,yc0n9viS69f308tD8exAxFJ5UgI=
55,132,ZYukkqMSwib2OkDi3O6C31ZWOuk=,yc0n9viS69f308tD8exAxFJ5UgI=
57,132,ZYukkqMSwib2OkDi3O6C31ZWOuk=,yc0n9viS69f308tD8exAxFJ5UgI=
54,132,ZYukkqMSwib2OkDi3O6C31ZWOuk=,yc0n9viS69f308tD8exAxFJ5UgI=
52,132,ZYukkqMSwib2OkDi3O6C31ZWOuk=,yc0n9viS69f308tD8exAxFJ5UgI=
51,132,ZYukkqMSwib2OkDi3O6C31ZWOuk=,yc0n9viS69f308tD8exAxFJ5UgI=
50,132,ZYukkqMSwib2OkDi3O6C31ZWOuk=,yc0n9viS69f308tD8exAxFJ5UgI=
49,132,ZYukkqMSwib2OkDi3O6C31ZWOuk=,yc0n9viS69f308tD8exAxFJ5UgI=
60,128,ZYukkqMSwib2OkDi3O6C31ZWOuk=,yc0n9viS69f308tD8exAxFJ5UgI=
53,132,ZYukkqMSwib2OkDi3O6C31ZWOuk=,yc0n9viS69f308tD8exAxFJ5UgI=
48,132,ZYukkqMSwib2OkDi3O6C31ZWOuk=,yc0n9viS69f308tD8exAxFJ5UgI=
60,133,ZYukkqMSwib2OkDi3O6C31ZWOuk=,yc0n9viS69f308tD8exAxFJ5UgI=
62,129,ZYukkqMSwib2OkDi3O6C31ZWOuk=,yc0n9viS69f308tD8exAxFJ5UgI=
62,128,ZYukkqMSwib2OkDi3O6C31ZWOuk=,yc0n9viS69f308tD8exAxFJ5UgI=
63,131,ZYukkqMSwib2OkDi3O6C31ZWOuk=,yc0n9viS69f308tD8exAxFJ5UgI=
61,128,ZYukkqMSwib2OkDi3O6C31ZWOuk=,yc0n9viS69f308tD8exAxFJ5UgI=
61,133,ZYukkqMSwib2OkDi3O6C31ZWOuk=,yc0n9viS69f308tD8exAxFJ5UgI=
63,129,ZYukkqMSwib2OkDi3O6C31ZWOuk=,yc0n9viS69f308tD8exAxFJ5UgI=
63,128,ZYukkqMSwib2OkDi3O6C31ZWOuk=,yc0n9viS69f308tD8exAxFJ5UgI=
63,130,ZYukkqMSwib2OkDi3O6C31ZWOuk=,yc0n9viS69f308tD8exAxFJ5UgI=
